Unnamed: 0,Ano,Mandante,Visitante,Placar,Data,Hora,Estádio,Cidade,Jogo,Rodada,Temperatura (°C),Umidade (%),Precipitação (mm),Vento (km/h)
0,2023,Flamengo - RJ,Coritiba S.a.f. - PR,3 x 0,16/04/2023,16:00,Maracanã,Rio de Janeiro,1,1,25.4,82,0.0,6.2
1,2023,Botafogo - RJ,São Paulo - SP,2 x 1,15/04/2023,18:30,Nilton Santos,Rio de Janeiro,2,1,25.4,82,0.0,6.2
2,2023,Palmeiras - SP,Cuiabá Saf - MT,2 x 1,15/04/2023,16:00,Allianz Parque,Sao Paulo,3,1,20.4,91,0.2,0.8
3,2023,Corinthians - SP,Cruzeiro Saf - MG,2 x 1,16/04/2023,16:00,Neo Química Arena,Sao Paulo,4,1,20.4,91,0.2,0.8
4,2023,Red Bull Bragantino - SP,Bahia - BA,2 x 1,15/04/2023,18:30,Nabi Abi Chedid,Braganca Paulista,5,1,19.3,93,0.1,3.0
5,2023,Atlético Mineiro Saf - MG,Vasco da Gama S.a.f. - RJ,1 x 2,15/04/2023,21:00,Mineirão,Belo Horizonte,6,1,21.8,79,0.0,3.3
6,2023,Grêmio - RS,Santos Fc - SP,1 x 0,16/04/2023,18:30,Alfredo Jaconi,Caxias do Sul,7,1,16.2,89,0.0,1.8
7,2023,Athletico Paranaense - PR,Goiás - GO,2 x 0,15/04/2023,18:30,Ligga Arena,Curitiba,8,1,16.9,98,0.3,3.6
8,2023,Fortaleza - CE,Internacional - RS,1 x 1,15/04/2023,18:30,Arena Castelão,Fortaleza,9,1,27.2,85,0.1,7.9
9,2023,America Saf - MG,Fluminense - RJ,0 x 3,15/04/2023,16:00,Independência,Belo Horizonte,10,1,21.8,79,0.0,3.3
10,2023,Fluminense - RJ,Athletico Paranaense - PR,2 x 0,22/04/2023,16:00,Maracanã,Rio de Janeiro,11,2,25.4,82,0.0,6.2
11,2023,Vasco da Gama S.a.f. - RJ,Palmeiras - SP,2 x 2,23/04/2023,16:00,Maracanã,Rio de Janeiro,12,2,25.4,82,0.0,6.2
12,2023,São Paulo - SP,America Saf - MG,3 x 0,22/04/2023,18:30,Morumbi,Sao Paulo,13,2,20.4,91,0.2,0.8
13,2023,Santos Fc - SP,Atlético Mineiro Saf - MG,0 x 0,23/04/2023,16:00,Vila Belmiro,Santos,14,2,24.1,88,0.0,4.3
14,2023,Goiás - GO,Corinthians - SP,3 x 1,23/04/2023,19:00,Hailé Pinheiro,Goiania,15,2,23.0,87,0.0,0.7
15,2023,Cruzeiro Saf - MG,Grêmio - RS,1 x 0,22/04/2023,21:00,Independência,Belo Horizonte,16,2,21.8,79,0.0,3.3
16,2023,Internacional - RS,Flamengo - RJ,2 x 1,23/04/2023,11:00,Beira-Rio,Porto Alegre,17,2,20.7,92,0.0,7.2
17,2023,Coritiba S.a.f. - PR,Fortaleza - CE,0 x 3,23/04/2023,18:30,Couto Pereira,Curitiba,18,2,16.9,98,0.3,3.6
18,2023,Bahia - BA,Botafogo - RJ,1 x 2,24/04/2023,20:00,Arena Fonte Nova,Salvador,19,2,26.0,85,0.0,2.9
19,2023,Cuiabá Saf - MT,Red Bull Bragantino - SP,1 x 1,22/04/2023,18:30,Arena Pantanal,Cuiaba,20,2,24.1,94,0.0,1.3
20,2023,Flamengo - RJ,Botafogo - RJ,2 x 3,30/04/2023,16:00,Maracanã,Rio de Janeiro,21,3,25.4,82,0.0,6.2
21,2023,Vasco da Gama S.a.f. - RJ,Bahia - BA,0 x 1,01/05/2023,20:00,São Januário,Rio de Janeiro,22,3,25.4,82,0.0,6.2
22,2023,Palmeiras - SP,Corinthians - SP,2 x 1,29/04/2023,18:30,Allianz Parque,Sao Paulo,23,3,20.4,91,0.2,0.8
23,2023,Santos Fc - SP,America Saf - MG,3 x 2,29/04/2023,18:30,Vila Belmiro,Santos,24,3,24.1,88,0.0,4.3
24,2023,Red Bull Bragantino - SP,Cruzeiro Saf - MG,0 x 3,29/04/2023,18:30,Nabi Abi Chedid,Braganca Paulista,25,3,19.3,93,0.1,3.0
25,2023,Atlético Mineiro Saf - MG,Athletico Paranaense - PR,2 x 1,29/04/2023,21:00,Independência,Belo Horizonte,26,3,21.8,79,0.0,3.3
26,2023,Internacional - RS,Goiás - GO,1 x 0,30/04/2023,18:30,Beira-Rio,Porto Alegre,27,3,20.7,92,0.0,7.2
27,2023,Coritiba S.a.f. - PR,São Paulo - SP,1 x 1,29/04/2023,16:30,Couto Pereira,Curitiba,28,3,16.9,98,0.3,3.6
28,2023,Fortaleza - CE,Fluminense - RJ,4 x 2,29/04/2023,16:30,Arena Castelão,Fortaleza,29,3,27.2,85,0.1,7.9
29,2023,Cuiabá Saf - MT,Grêmio - RS,1 x 2,30/04/2023,18:30,Arena Pantanal,Cuiaba,30,3,24.1,94,0.0,1.3
30,2023,Fluminense - RJ,Vasco da Gama S.a.f. - RJ,1 x 1,06/05/2023,21:00,Maracanã,Rio de Janeiro,31,4,25.4,82,0.0,6.2
31,2023,Botafogo - RJ,Atlético Mineiro Saf - MG,2 x 0,07/05/2023,18:30,Nilton Santos,Rio de Janeiro,32,4,25.4,82,0.0,6.2
32,2023,São Paulo - SP,Internacional - RS,2 x 0,07/05/2023,16:00,Morumbi,Sao Paulo,33,4,20.4,91,0.2,0.8
33,2023,Corinthians - SP,Fortaleza - CE,1 x 1,08/05/2023,20:00,Neo Química Arena,Sao Paulo,34,4,20.4,91,0.2,0.8
34,2023,Goiás - GO,Palmeiras - SP,0 x 5,07/05/2023,18:30,Hailé Pinheiro,Goiania,35,4,23.0,87,0.0,0.7
35,2023,Cruzeiro Saf - MG,Santos Fc - SP,2 x 1,06/05/2023,16:00,Independência,Belo Horizonte,36,4,21.8,79,0.0,3.3
36,2023,Grêmio - RS,Red Bull Bragantino - SP,3 x 3,07/05/2023,18:30,Arena do Grêmio,Porto Alegre,37,4,20.7,92,0.0,7.2
37,2023,Athletico Paranaense - PR,Flamengo - RJ,2 x 1,07/05/2023,16:00,Ligga Arena,Curitiba,38,4,16.9,98,0.3,3.6
38,2023,Bahia - BA,Coritiba S.a.f. - PR,3 x 1,07/05/2023,16:00,Arena Fonte Nova,Salvador,39,4,26.0,85,0.0,2.9
39,2023,America Saf - MG,Cuiabá Saf - MT,1 x 2,07/05/2023,11:00,Independência,Belo Horizonte,40,4,21.8,79,0.0,3.3
40,2023,Flamengo - RJ,Goiás - GO,2 x 0,10/05/2023,20:00,Maracanã,Rio de Janeiro,41,5,25.4,82,0.0,6.2
41,2023,Botafogo - RJ,Corinthians - SP,3 x 0,11/05/2023,19:30,Nilton Santos,Rio de Janeiro,42,5,25.4,82,0.0,6.2
42,2023,Palmeiras - SP,Grêmio - RS,4 x 1,10/05/2023,21:30,Allianz Parque,Sao Paulo,43,5,20.4,91,0.2,0.8
43,2023,Santos Fc - SP,Bahia - BA,3 x 0,10/05/2023,19:00,Vila Belmiro,Santos,44,5,24.1,88,0.0,4.3
44,2023,Red Bull Bragantino - SP,America Saf - MG,2 x 2,10/05/2023,19:00,Nabi Abi Chedid,Braganca Paulista,45,5,19.3,93,0.1,3.0
45,2023,Cruzeiro Saf - MG,Fluminense - RJ,0 x 2,10/05/2023,21:30,Mineirão,Belo Horizonte,46,5,21.8,79,0.0,3.3
46,2023,Internacional - RS,Athletico Paranaense - PR,0 x 2,10/05/2023,19:00,Beira-Rio,Porto Alegre,47,5,20.7,92,0.0,7.2
47,2023,Coritiba S.a.f. - PR,Vasco da Gama S.a.f. - RJ,1 x 1,11/05/2023,19:00,Couto Pereira,Curitiba,48,5,16.9,98,0.3,3.6
48,2023,Fortaleza - CE,São Paulo - SP,0 x 0,11/05/2023,20:00,Arena Castelão,Fortaleza,49,5,27.2,85,0.1,7.9
49,2023,Cuiabá Saf - MT,Atlético Mineiro Saf - MG,0 x 4,10/05/2023,20:00,Arena Pantanal,Cuiaba,50,5,24.1,94,0.0,1.3
50,2023,Fluminense - RJ,Cuiabá Saf - MT,2 x 0,13/05/2023,18:30,Maracanã,Rio de Janeiro,51,6,25.4,82,0.0,6.2
51,2023,Vasco da Gama S.a.f. - RJ,Santos Fc - SP,0 x 1,14/05/2023,16:00,São Januário,Rio de Janeiro,52,6,25.4,82,0.0,6.2
52,2023,Palmeiras - SP,Red Bull Bragantino - SP,1 x 1,13/05/2023,18:30,Allianz Parque,Sao Paulo,53,6,20.4,91,0.2,0.8
53,2023,Corinthians - SP,São Paulo - SP,1 x 1,14/05/2023,16:00,Neo Química Arena,Sao Paulo,54,6,20.4,91,0.2,0.8
54,2023,Goiás - GO,Botafogo - RJ,2 x 1,14/05/2023,18:30,Hailé Pinheiro,Goiania,55,6,23.0,87,0.0,0.7
55,2023,Atlético Mineiro Saf - MG,Internacional - RS,2 x 0,13/05/2023,21:00,Mineirão,Belo Horizonte,56,6,21.8,79,0.0,3.3
56,2023,Grêmio - RS,Fortaleza - CE,0 x 0,14/05/2023,16:00,Arena do Grêmio,Porto Alegre,57,6,20.7,92,0.0,7.2
57,2023,Athletico Paranaense - PR,Coritiba S.a.f. - PR,3 x 2,14/05/2023,18:30,Ligga Arena,Curitiba,58,6,16.9,98,0.3,3.6
58,2023,Bahia - BA,Flamengo - RJ,2 x 3,13/05/2023,16:00,Arena Fonte Nova,Salvador,59,6,26.0,85,0.0,2.9
59,2023,America Saf - MG,Cruzeiro Saf - MG,0 x 4,14/05/2023,18:30,Independência,Belo Horizonte,60,6,21.8,79,0.0,3.3
60,2023,Flamengo - RJ,Corinthians - SP,1 x 0,21/05/2023,16:00,Maracanã,Rio de Janeiro,61,7,25.4,82,0.0,6.2
61,2023,Botafogo - RJ,Fluminense - RJ,1 x 0,20/05/2023,18:30,Nilton Santos,Rio de Janeiro,62,7,25.4,82,0.0,6.2
62,2023,São Paulo - SP,Vasco da Gama S.a.f. - RJ,4 x 2,20/05/2023,18:30,Morumbi,Sao Paulo,63,7,20.4,91,0.2,0.8
63,2023,Santos Fc - SP,Palmeiras - SP,0 x 0,20/05/2023,21:00,Vila Belmiro,Santos,64,7,24.1,88,0.0,4.3
64,2023,Red Bull Bragantino - SP,Athletico Paranaense - PR,2 x 0,20/05/2023,18:30,Nabi Abi Chedid,Braganca Paulista,65,7,19.3,93,0.1,3.0
65,2023,Cruzeiro Saf - MG,Cuiabá Saf - MT,0 x 1,22/05/2023,20:00,Arena do Jacaré,Sete Lagoas,66,7,20.3,80,0.0,3.4
66,2023,Grêmio - RS,Internacional - RS,3 x 1,21/05/2023,18:30,Arena do Grêmio,Porto Alegre,67,7,20.7,92,0.0,7.2
67,2023,Coritiba S.a.f. - PR,Atlético Mineiro Saf - MG,1 x 2,20/05/2023,18:30,Couto Pereira,Curitiba,68,7,16.9,98,0.3,3.6
68,2023,Bahia - BA,Goiás - GO,1 x 1,20/05/2023,16:00,Arena Fonte Nova,Salvador,69,7,26.0,85,0.0,2.9
69,2023,America Saf - MG,Fortaleza - CE,2 x 1,20/05/2023,18:30,Independência,Belo Horizonte,70,7,21.8,79,0.0,3.3
70,2023,Flamengo - RJ,Cruzeiro Saf - MG,1 x 1,27/05/2023,18:30,Maracanã,Rio de Janeiro,71,8,25.4,82,0.0,6.2
71,2023,Botafogo - RJ,America Saf - MG,2 x 0,28/05/2023,19:00,Nilton Santos,Rio de Janeiro,72,8,25.4,82,0.0,6.2
72,2023,São Paulo - SP,Goiás - GO,2 x 1,27/05/2023,21:00,Morumbi,Sao Paulo,73,8,20.4,91,0.2,0.8
73,2023,Corinthians - SP,Fluminense - RJ,2 x 0,28/05/2023,16:00,Neo Química Arena,Sao Paulo,74,8,20.4,91,0.2,0.8
74,2023,Red Bull Bragantino - SP,Santos Fc - SP,2 x 0,28/05/2023,18:30,Nabi Abi Chedid,Braganca Paulista,75,8,19.3,93,0.1,3.0
75,2023,Atlético Mineiro Saf - MG,Palmeiras - SP,1 x 1,28/05/2023,18:30,Mineirão,Belo Horizonte,76,8,21.8,79,0.0,3.3
76,2023,Internacional - RS,Bahia - BA,2 x 0,28/05/2023,16:00,Beira-Rio,Porto Alegre,77,8,20.7,92,0.0,7.2
77,2023,Athletico Paranaense - PR,Grêmio - RS,1 x 2,27/05/2023,16:00,Ligga Arena,Curitiba,78,8,16.9,98,0.3,3.6
78,2023,Fortaleza - CE,Vasco da Gama S.a.f. - RJ,2 x 0,27/05/2023,16:00,Arena Castelão,Fortaleza,79,8,27.2,85,0.1,7.9
79,2023,Cuiabá Saf - MT,Coritiba S.a.f. - PR,1 x 1,27/05/2023,18:30,Arena Pantanal,Cuiaba,80,8,24.1,94,0.0,1.3
80,2023,Fluminense - RJ,Red Bull Bragantino - SP,2 x 1,04/06/2023,16:00,Maracanã,Rio de Janeiro,81,9,25.4,82,0.0,6.2
81,2023,Vasco da Gama S.a.f. - RJ,Flamengo - RJ,1 x 4,05/06/2023,20:00,Maracanã,Rio de Janeiro,82,9,25.4,82,0.0,6.2
82,2023,Palmeiras - SP,Coritiba S.a.f. - PR,3 x 1,04/06/2023,18:30,Allianz Parque,Sao Paulo,83,9,20.4,91,0.2,0.8
83,2023,Santos Fc - SP,Internacional - RS,1 x 1,03/06/2023,21:00,Vila Belmiro,Santos,84,9,24.1,88,0.0,4.3
84,2023,Goiás - GO,Cuiabá Saf - MT,0 x 1,04/06/2023,18:30,Hailé Pinheiro,Goiania,85,9,23.0,87,0.0,0.7
85,2023,Cruzeiro Saf - MG,Atlético Mineiro Saf - MG,0 x 1,03/06/2023,18:30,Parque do Sabiá,Uberlandia,86,9,19.7,95,1.0,1.8
86,2023,Grêmio - RS,São Paulo - SP,2 x 1,04/06/2023,16:00,Arena do Grêmio,Porto Alegre,87,9,20.7,92,0.0,7.2
87,2023,Athletico Paranaense - PR,Botafogo - RJ,1 x 0,03/06/2023,18:30,Ligga Arena,Curitiba,88,9,16.9,98,0.3,3.6
88,2023,Fortaleza - CE,Bahia - BA,0 x 0,03/06/2023,16:00,Arena Castelão,Fortaleza,89,9,27.2,85,0.1,7.9
89,2023,America Saf - MG,Corinthians - SP,2 x 0,03/06/2023,18:30,Independência,Belo Horizonte,90,9,21.8,79,0.0,3.3
90,2023,Flamengo - RJ,Grêmio - RS,3 x 0,11/06/2023,18:30,Maracanã,Rio de Janeiro,91,10,25.4,82,0.0,6.2
91,2023,Botafogo - RJ,Fortaleza - CE,2 x 0,10/06/2023,21:00,Nilton Santos,Rio de Janeiro,92,10,25.4,82,0.0,6.2
92,2023,São Paulo - SP,Palmeiras - SP,0 x 2,11/06/2023,16:00,Morumbi,Sao Paulo,93,10,20.4,91,0.2,0.8
93,2023,Corinthians - SP,Cuiabá Saf - MT,1 x 1,10/06/2023,18:30,Neo Química Arena,Sao Paulo,94,10,20.4,91,0.2,0.8
94,2023,Goiás - GO,Fluminense - RJ,2 x 2,11/06/2023,18:30,Hailé Pinheiro,Goiania,95,10,23.0,87,0.0,0.7
95,2023,Atlético Mineiro Saf - MG,Red Bull Bragantino - SP,1 x 1,10/06/2023,18:30,Mineirão,Belo Horizonte,96,10,21.8,79,0.0,3.3
96,2023,Internacional - RS,Vasco da Gama S.a.f. - RJ,2 x 1,11/06/2023,16:00,Beira-Rio,Porto Alegre,97,10,20.7,92,0.0,7.2
97,2023,Coritiba S.a.f. - PR,Santos Fc - SP,0 x 0,10/06/2023,16:00,Couto Pereira,Curitiba,98,10,16.9,98,0.3,3.6
98,2023,Bahia - BA,Cruzeiro Saf - MG,2 x 2,10/06/2023,18:30,Arena Fonte Nova,Salvador,99,10,26.0,85,0.0,2.9
99,2023,America Saf - MG,Athletico Paranaense - PR,2 x 2,11/06/2023,11:00,Mineirão,Belo Horizonte,100,10,21.8,79,0.0,3.3
100,2023,Fluminense - RJ,Atlético Mineiro Saf - MG,1 x 1,21/06/2023,21:30,Raulino de Oliveira,Volta Redonda,101,11,20.1,97,0.2,3.4
101,2023,Vasco da Gama S.a.f. - RJ,Goiás - GO,0 x 1,22/06/2023,20:00,São Januário,Rio de Janeiro,102,11,25.4,82,0.0,6.2
102,2023,São Paulo - SP,Athletico Paranaense - PR,2 x 1,21/06/2023,19:00,Morumbi,Sao Paulo,103,11,20.4,91,0.2,0.8
103,2023,Santos Fc - SP,Corinthians - SP,0 x 2,21/06/2023,20:00,Vila Belmiro,Santos,104,11,24.1,88,0.0,4.3
104,2023,Red Bull Bragantino - SP,Flamengo - RJ,4 x 0,22/06/2023,21:30,Nabi Abi Chedid,Braganca Paulista,105,11,19.3,93,0.1,3.0
105,2023,Cruzeiro Saf - MG,Fortaleza - CE,0 x 1,21/06/2023,19:00,Mineirão,Belo Horizonte,106,11,21.8,79,0.0,3.3
106,2023,Grêmio - RS,America Saf - MG,3 x 1,22/06/2023,19:00,Arena do Grêmio,Porto Alegre,107,11,20.7,92,0.0,7.2
107,2023,Coritiba S.a.f. - PR,Internacional - RS,0 x 1,22/06/2023,20:00,Couto Pereira,Curitiba,108,11,16.9,98,0.3,3.6
108,2023,Bahia - BA,Palmeiras - SP,1 x 0,21/06/2023,21:30,Arena Fonte Nova,Salvador,109,11,26.0,85,0.0,2.9
109,2023,Cuiabá Saf - MT,Botafogo - RJ,0 x 1,22/06/2023,20:00,Arena Pantanal,Cuiaba,110,11,24.1,94,0.0,1.3
110,2023,Fluminense - RJ,Bahia - BA,2 x 1,24/06/2023,18:30,Maracanã,Rio de Janeiro,111,12,25.4,82,0.0,6.2
111,2023,Vasco da Gama S.a.f. - RJ,Cuiabá Saf - MT,1 x 0,26/06/2023,21:00,Luso Brasileiro,Rio de Janeiro,112,12,25.4,82,0.0,6.2
112,2023,Palmeiras - SP,Botafogo - RJ,0 x 1,25/06/2023,16:00,Allianz Parque,Sao Paulo,113,12,20.4,91,0.2,0.8
113,2023,Santos Fc - SP,Flamengo - RJ,2 x 3,25/06/2023,18:30,Vila Belmiro,Santos,114,12,24.1,88,0.0,4.3
114,2023,Red Bull Bragantino - SP,Goiás - GO,2 x 0,25/06/2023,18:30,Nabi Abi Chedid,Braganca Paulista,115,12,19.3,93,0.1,3.0
115,2023,Cruzeiro Saf - MG,São Paulo - SP,1 x 0,24/06/2023,21:00,Independência,Belo Horizonte,116,12,21.8,79,0.0,3.3
116,2023,Grêmio - RS,Coritiba S.a.f. - PR,5 x 1,25/06/2023,16:00,Arena do Grêmio,Porto Alegre,117,12,20.7,92,0.0,7.2
117,2023,Athletico Paranaense - PR,Corinthians - SP,1 x 0,24/06/2023,16:00,Ligga Arena,Curitiba,118,12,16.9,98,0.3,3.6
118,2023,Fortaleza - CE,Atlético Mineiro Saf - MG,2 x 1,24/06/2023,18:30,Arena Castelão,Fortaleza,119,12,27.2,85,0.1,7.9
119,2023,America Saf - MG,Internacional - RS,1 x 2,25/06/2023,18:30,Independência,Belo Horizonte,120,12,21.8,79,0.0,3.3
120,2023,Flamengo - RJ,Fortaleza - CE,2 x 0,01/07/2023,18:30,Maracanã,Rio de Janeiro,121,13,25.4,82,0.0,6.2
121,2023,Botafogo - RJ,Vasco da Gama S.a.f. - RJ,2 x 0,02/07/2023,16:00,Nilton Santos,Rio de Janeiro,122,13,25.4,82,0.0,6.2
122,2023,São Paulo - SP,Fluminense - RJ,1 x 0,01/07/2023,16:00,Morumbi,Sao Paulo,123,13,20.4,91,0.2,0.8
123,2023,Corinthians - SP,Red Bull Bragantino - SP,0 x 1,02/07/2023,11:00,Neo Química Arena,Sao Paulo,124,13,20.4,91,0.2,0.8
124,2023,Goiás - GO,Coritiba S.a.f. - PR,1 x 2,03/07/2023,20:00,Hailé Pinheiro,Goiania,125,13,23.0,87,0.0,0.7
125,2023,Atlético Mineiro Saf - MG,America Saf - MG,2 x 2,02/07/2023,16:00,Mineirão,Belo Horizonte,126,13,21.8,79,0.0,3.3
126,2023,Internacional - RS,Cruzeiro Saf - MG,0 x 0,01/07/2023,21:00,Beira-Rio,Porto Alegre,127,13,20.7,92,0.0,7.2
127,2023,Athletico Paranaense - PR,Palmeiras - SP,2 x 2,02/07/2023,16:00,Ligga Arena,Curitiba,128,13,16.9,98,0.3,3.6
128,2023,Bahia - BA,Grêmio - RS,1 x 2,01/07/2023,18:30,Arena Fonte Nova,Salvador,129,13,26.0,85,0.0,2.9
129,2023,Cuiabá Saf - MT,Santos Fc - SP,3 x 0,02/07/2023,18:30,Arena Pantanal,Cuiaba,130,13,24.1,94,0.0,1.3
130,2023,Fluminense - RJ,Internacional - RS,2 x 0,09/07/2023,16:00,Maracanã,Rio de Janeiro,131,14,25.4,82,0.0,6.2
131,2023,Vasco da Gama S.a.f. - RJ,Cruzeiro Saf - MG,0 x 1,08/07/2023,16:00,São Januário,Rio de Janeiro,132,14,25.4,82,0.0,6.2
132,2023,Palmeiras - SP,Flamengo - RJ,1 x 1,08/07/2023,21:00,Allianz Parque,Sao Paulo,133,14,20.4,91,0.2,0.8
133,2023,Santos Fc - SP,Goiás - GO,4 x 3,09/07/2023,11:00,Vila Belmiro,Santos,134,14,24.1,88,0.0,4.3
134,2023,Red Bull Bragantino - SP,São Paulo - SP,0 x 0,09/07/2023,16:00,Nabi Abi Chedid,Braganca Paulista,135,14,19.3,93,0.1,3.0
135,2023,Atlético Mineiro Saf - MG,Corinthians - SP,0 x 1,08/07/2023,18:30,Mineirão,Belo Horizonte,136,14,21.8,79,0.0,3.3
136,2023,Grêmio - RS,Botafogo - RJ,0 x 2,09/07/2023,18:30,Arena do Grêmio,Porto Alegre,137,14,20.7,92,0.0,7.2
137,2023,Coritiba S.a.f. - PR,America Saf - MG,3 x 1,08/07/2023,18:30,Couto Pereira,Curitiba,138,14,16.9,98,0.3,3.6
138,2023,Fortaleza - CE,Athletico Paranaense - PR,1 x 0,09/07/2023,18:30,Arena Castelão,Fortaleza,139,14,27.2,85,0.1,7.9
139,2023,Cuiabá Saf - MT,Bahia - BA,1 x 1,08/07/2023,16:00,Arena Pantanal,Cuiaba,140,14,24.1,94,0.0,1.3
140,2023,Fluminense - RJ,Flamengo - RJ,0 x 0,16/07/2023,16:00,Maracanã,Rio de Janeiro,141,15,25.4,82,0.0,6.2
141,2023,Botafogo - RJ,Red Bull Bragantino - SP,2 x 0,15/07/2023,21:00,Nilton Santos,Rio de Janeiro,142,15,25.4,82,0.0,6.2
142,2023,São Paulo - SP,Santos Fc - SP,4 x 1,16/07/2023,16:00,Morumbi,Sao Paulo,143,15,20.4,91,0.2,0.8
143,2023,Corinthians - SP,Grêmio - RS,4 x 4,18/09/2023,21:00,Neo Química Arena,Sao Paulo,144,15,20.4,91,0.2,0.8
144,2023,Goiás - GO,Atlético Mineiro Saf - MG,0 x 0,17/07/2023,20:00,Hailé Pinheiro,Goiania,145,15,23.0,87,0.0,0.7
145,2023,Cruzeiro Saf - MG,Coritiba S.a.f. - PR,0 x 0,16/07/2023,11:00,Independência,Belo Horizonte,146,15,21.8,79,0.0,3.3
146,2023,Internacional - RS,Palmeiras - SP,0 x 0,16/07/2023,18:30,Beira-Rio,Porto Alegre,147,15,20.7,92,0.0,7.2
147,2023,Athletico Paranaense - PR,Bahia - BA,2 x 0,16/07/2023,18:30,Ligga Arena,Curitiba,148,15,16.9,98,0.3,3.6
148,2023,Fortaleza - CE,Cuiabá Saf - MT,0 x 1,16/07/2023,16:00,Arena Castelão,Fortaleza,149,15,27.2,85,0.1,7.9
149,2023,America Saf - MG,Vasco da Gama S.a.f. - RJ,0 x 1,25/09/2023,20:00,Independência,Belo Horizonte,150,15,21.8,79,0.0,3.3
150,2023,Flamengo - RJ,America Saf - MG,1 x 1,22/07/2023,16:00,Maracanã,Rio de Janeiro,151,16,25.4,82,0.0,6.2
151,2023,Vasco da Gama S.a.f. - RJ,Athletico Paranaense - PR,0 x 2,23/07/2023,18:30,São Januário,Rio de Janeiro,152,16,25.4,82,0.0,6.2
152,2023,Palmeiras - SP,Fortaleza - CE,3 x 1,22/07/2023,16:00,Allianz Parque,Sao Paulo,153,16,20.4,91,0.2,0.8
153,2023,Santos Fc - SP,Botafogo - RJ,2 x 2,23/07/2023,16:00,Vila Belmiro,Santos,154,16,24.1,88,0.0,4.3
154,2023,Red Bull Bragantino - SP,Internacional - RS,0 x 0,23/07/2023,16:00,Nabi Abi Chedid,Braganca Paulista,155,16,19.3,93,0.1,3.0
155,2023,Cruzeiro Saf - MG,Goiás - GO,0 x 1,23/07/2023,16:00,Independência,Belo Horizonte,156,16,21.8,79,0.0,3.3
156,2023,Grêmio - RS,Atlético Mineiro Saf - MG,1 x 0,22/07/2023,21:00,Arena do Grêmio,Porto Alegre,157,16,20.7,92,0.0,7.2
157,2023,Coritiba S.a.f. - PR,Fluminense - RJ,2 x 0,24/07/2023,19:00,Couto Pereira,Curitiba,158,16,16.9,98,0.3,3.6
158,2023,Bahia - BA,Corinthians - SP,0 x 0,22/07/2023,18:30,Arena Fonte Nova,Salvador,159,16,26.0,85,0.0,2.9
159,2023,Cuiabá Saf - MT,São Paulo - SP,2 x 1,22/07/2023,18:30,Arena Pantanal,Cuiaba,160,16,24.1,94,0.0,1.3
160,2023,Fluminense - RJ,Santos Fc - SP,1 x 0,29/07/2023,16:00,Maracanã,Rio de Janeiro,161,17,25.4,82,0.0,6.2
161,2023,Botafogo - RJ,Coritiba S.a.f. - PR,4 x 1,30/07/2023,16:00,Nilton Santos,Rio de Janeiro,162,17,25.4,82,0.0,6.2
162,2023,São Paulo - SP,Bahia - BA,0 x 0,30/07/2023,11:00,Morumbi,Sao Paulo,163,17,20.4,91,0.2,0.8
163,2023,Corinthians - SP,Vasco da Gama S.a.f. - RJ,3 x 1,29/07/2023,18:30,Neo Química Arena,Sao Paulo,164,17,20.4,91,0.2,0.8
164,2023,Goiás - GO,Grêmio - RS,1 x 1,30/07/2023,18:30,Hailé Pinheiro,Goiania,165,17,23.0,87,0.0,0.7
165,2023,Atlético Mineiro Saf - MG,Flamengo - RJ,1 x 2,29/07/2023,21:00,Independência,Belo Horizonte,166,17,21.8,79,0.0,3.3
166,2023,Internacional - RS,Cuiabá Saf - MT,1 x 2,29/07/2023,16:00,Beira-Rio,Porto Alegre,167,17,20.7,92,0.0,7.2
167,2023,Athletico Paranaense - PR,Cruzeiro Saf - MG,3 x 3,29/07/2023,16:00,Ligga Arena,Curitiba,168,17,16.9,98,0.3,3.6
168,2023,Fortaleza - CE,Red Bull Bragantino - SP,0 x 3,29/07/2023,18:30,Arena Castelão,Fortaleza,169,17,27.2,85,0.1,7.9
169,2023,America Saf - MG,Palmeiras - SP,1 x 4,30/07/2023,16:00,Independência,Belo Horizonte,170,17,21.8,79,0.0,3.3
170,2023,Fluminense - RJ,Palmeiras - SP,2 x 1,05/08/2023,21:00,Maracanã,Rio de Janeiro,171,18,25.4,82,0.0,6.2
171,2023,Vasco da Gama S.a.f. - RJ,Grêmio - RS,1 x 0,06/08/2023,16:00,São Januário,Rio de Janeiro,172,18,25.4,82,0.0,6.2
172,2023,São Paulo - SP,Atlético Mineiro Saf - MG,0 x 2,06/08/2023,16:00,Morumbi,Sao Paulo,173,18,20.4,91,0.2,0.8
173,2023,Santos Fc - SP,Athletico Paranaense - PR,1 x 1,05/08/2023,16:00,Vila Belmiro,Santos,174,18,24.1,88,0.0,4.3
174,2023,Goiás - GO,Fortaleza - CE,1 x 0,05/08/2023,18:30,Hailé Pinheiro,Goiania,175,18,23.0,87,0.0,0.7
175,2023,Cruzeiro Saf - MG,Botafogo - RJ,0 x 0,06/08/2023,18:30,Mineirão,Belo Horizonte,176,18,21.8,79,0.0,3.3
176,2023,Internacional - RS,Corinthians - SP,2 x 2,05/08/2023,18:30,Beira-Rio,Porto Alegre,177,18,20.7,92,0.0,7.2
177,2023,Coritiba S.a.f. - PR,Red Bull Bragantino - SP,0 x 1,06/08/2023,18:30,Couto Pereira,Curitiba,178,18,16.9,98,0.3,3.6
178,2023,Bahia - BA,America Saf - MG,3 x 1,06/08/2023,18:30,Arena Fonte Nova,Salvador,179,18,26.0,85,0.0,2.9
179,2023,Cuiabá Saf - MT,Flamengo - RJ,3 x 0,06/08/2023,20:00,Arena Pantanal,Cuiaba,180,18,24.1,94,0.0,1.3
180,2023,Flamengo - RJ,São Paulo - SP,1 x 1,13/08/2023,18:30,Maracanã,Rio de Janeiro,181,19,25.4,82,0.0,6.2
181,2023,Botafogo - RJ,Internacional - RS,3 x 1,12/08/2023,21:00,Nilton Santos,Rio de Janeiro,182,19,25.4,82,0.0,6.2
182,2023,Palmeiras - SP,Cruzeiro Saf - MG,1 x 0,14/08/2023,19:00,Allianz Parque,Sao Paulo,183,19,20.4,91,0.2,0.8
183,2023,Corinthians - SP,Coritiba S.a.f. - PR,3 x 1,13/08/2023,16:00,Neo Química Arena,Sao Paulo,184,19,20.4,91,0.2,0.8
184,2023,Red Bull Bragantino - SP,Vasco da Gama S.a.f. - RJ,1 x 1,14/08/2023,21:00,Nabi Abi Chedid,Braganca Paulista,185,19,19.3,93,0.1,3.0
185,2023,Atlético Mineiro Saf - MG,Bahia - BA,1 x 0,13/08/2023,11:00,Mineirão,Belo Horizonte,186,19,21.8,79,0.0,3.3
186,2023,Grêmio - RS,Fluminense - RJ,2 x 1,13/08/2023,16:00,Arena do Grêmio,Porto Alegre,187,19,20.7,92,0.0,7.2
187,2023,Athletico Paranaense - PR,Cuiabá Saf - MT,2 x 0,15/08/2023,20:00,Ligga Arena,Curitiba,188,19,16.9,98,0.3,3.6
188,2023,Fortaleza - CE,Santos Fc - SP,4 x 0,13/08/2023,18:30,Arena Castelão,Fortaleza,189,19,27.2,85,0.1,7.9
189,2023,America Saf - MG,Goiás - GO,0 x 1,13/08/2023,16:00,Independência,Belo Horizonte,190,19,21.8,79,0.0,3.3
190,2023,Fluminense - RJ,America Saf - MG,3 x 1,19/08/2023,18:30,Maracanã,Rio de Janeiro,191,20,25.4,82,0.0,6.2
191,2023,Vasco da Gama S.a.f. - RJ,Atlético Mineiro Saf - MG,1 x 0,20/08/2023,11:00,Maracanã,Rio de Janeiro,192,20,25.4,82,0.0,6.2
192,2023,São Paulo - SP,Botafogo - RJ,0 x 0,19/08/2023,16:00,Morumbi,Sao Paulo,193,20,20.4,91,0.2,0.8
193,2023,Santos Fc - SP,Grêmio - RS,2 x 1,20/08/2023,16:00,Vila Belmiro,Santos,194,20,24.1,88,0.0,4.3
194,2023,Goiás - GO,Athletico Paranaense - PR,1 x 1,21/08/2023,20:00,Hailé Pinheiro,Goiania,195,20,23.0,87,0.0,0.7
195,2023,Cruzeiro Saf - MG,Corinthians - SP,1 x 1,19/08/2023,21:00,Mineirão,Belo Horizonte,196,20,21.8,79,0.0,3.3
196,2023,Internacional - RS,Fortaleza - CE,0 x 1,19/08/2023,16:00,Beira-Rio,Porto Alegre,197,20,20.7,92,0.0,7.2
197,2023,Coritiba S.a.f. - PR,Flamengo - RJ,2 x 3,20/08/2023,16:00,Couto Pereira,Curitiba,198,20,16.9,98,0.3,3.6
198,2023,Bahia - BA,Red Bull Bragantino - SP,4 x 0,20/08/2023,16:00,Arena Fonte Nova,Salvador,199,20,26.0,85,0.0,2.9
199,2023,Cuiabá Saf - MT,Palmeiras - SP,0 x 2,19/08/2023,18:30,Arena Pantanal,Cuiaba,200,20,24.1,94,0.0,1.3
200,2023,Flamengo - RJ,Internacional - RS,0 x 0,26/08/2023,18:30,Maracanã,Rio de Janeiro,201,21,25.4,82,0.0,6.2
201,2023,Botafogo - RJ,Bahia - BA,3 x 0,27/08/2023,16:00,Nilton Santos,Rio de Janeiro,202,21,25.4,82,0.0,6.2
202,2023,Palmeiras - SP,Vasco da Gama S.a.f. - RJ,1 x 0,27/08/2023,18:30,Allianz Parque,Sao Paulo,203,21,20.4,91,0.2,0.8
203,2023,Corinthians - SP,Goiás - GO,1 x 1,26/08/2023,21:00,Neo Química Arena,Sao Paulo,204,21,20.4,91,0.2,0.8
204,2023,Red Bull Bragantino - SP,Cuiabá Saf - MT,2 x 0,27/08/2023,11:00,Nabi Abi Chedid,Braganca Paulista,205,21,19.3,93,0.1,3.0
205,2023,Atlético Mineiro Saf - MG,Santos Fc - SP,2 x 0,27/08/2023,16:00,ARENA MRV,Belo Horizonte,206,21,21.8,79,0.0,3.3
206,2023,Grêmio - RS,Cruzeiro Saf - MG,3 x 0,27/08/2023,19:00,Arena do Grêmio,Porto Alegre,207,21,20.7,92,0.0,7.2
207,2023,Athletico Paranaense - PR,Fluminense - RJ,2 x 2,27/08/2023,18:30,Ligga Arena,Curitiba,208,21,16.9,98,0.3,3.6
208,2023,Fortaleza - CE,Coritiba S.a.f. - PR,3 x 1,27/08/2023,18:30,Presidente Vargas,Fortaleza,209,21,27.2,85,0.1,7.9
209,2023,America Saf - MG,São Paulo - SP,2 x 1,27/08/2023,16:00,Independência,Belo Horizonte,210,21,21.8,79,0.0,3.3
210,2023,Fluminense - RJ,Fortaleza - CE,1 x 0,03/09/2023,16:00,Raulino de Oliveira,Volta Redonda,211,22,20.1,97,0.2,3.4
211,2023,Botafogo - RJ,Flamengo - RJ,1 x 2,02/09/2023,21:00,Nilton Santos,Rio de Janeiro,212,22,25.4,82,0.0,6.2
212,2023,São Paulo - SP,Coritiba S.a.f. - PR,2 x 1,27/09/2023,19:00,Morumbi,Sao Paulo,213,22,20.4,91,0.2,0.8
213,2023,Corinthians - SP,Palmeiras - SP,0 x 0,03/09/2023,16:00,Neo Química Arena,Sao Paulo,214,22,20.4,91,0.2,0.8
214,2023,Goiás - GO,Internacional - RS,0 x 0,02/09/2023,16:00,Hailé Pinheiro,Goiania,215,22,23.0,87,0.0,0.7
215,2023,Cruzeiro Saf - MG,Red Bull Bragantino - SP,0 x 0,03/09/2023,18:30,Mineirão,Belo Horizonte,216,22,21.8,79,0.0,3.3
216,2023,Grêmio - RS,Cuiabá Saf - MT,2 x 0,03/09/2023,11:00,Arena do Grêmio,Porto Alegre,217,22,20.7,92,0.0,7.2
217,2023,Athletico Paranaense - PR,Atlético Mineiro Saf - MG,1 x 1,02/09/2023,16:00,Ligga Arena,Curitiba,218,22,16.9,98,0.3,3.6
218,2023,Bahia - BA,Vasco da Gama S.a.f. - RJ,1 x 1,03/09/2023,18:30,Arena Fonte Nova,Salvador,219,22,26.0,85,0.0,2.9
219,2023,America Saf - MG,Santos Fc - SP,2 x 0,03/09/2023,18:30,Independência,Belo Horizonte,220,22,21.8,79,0.0,3.3
220,2023,Flamengo - RJ,Athletico Paranaense - PR,0 x 3,13/09/2023,21:30,Kleber Andrade,Cariacica,221,23,24.3,86,0.0,7.6
221,2023,Vasco da Gama S.a.f. - RJ,Fluminense - RJ,4 x 2,16/09/2023,16:00,Nilton Santos,Rio de Janeiro,222,23,25.4,82,0.0,6.2
222,2023,Palmeiras - SP,Goiás - GO,1 x 0,15/09/2023,21:30,Allianz Parque,Sao Paulo,223,23,20.4,91,0.2,0.8
223,2023,Santos Fc - SP,Cruzeiro Saf - MG,0 x 3,14/09/2023,19:00,Vila Belmiro,Santos,224,23,24.1,88,0.0,4.3
224,2023,Red Bull Bragantino - SP,Grêmio - RS,2 x 0,14/09/2023,21:30,Nabi Abi Chedid,Braganca Paulista,225,23,19.3,93,0.1,3.0
225,2023,Atlético Mineiro Saf - MG,Botafogo - RJ,1 x 0,16/09/2023,21:00,ARENA MRV,Belo Horizonte,226,23,21.8,79,0.0,3.3
226,2023,Internacional - RS,São Paulo - SP,2 x 1,13/09/2023,21:30,Beira-Rio,Porto Alegre,227,23,20.7,92,0.0,7.2
227,2023,Coritiba S.a.f. - PR,Bahia - BA,2 x 4,14/09/2023,20:00,Couto Pereira,Curitiba,228,23,16.9,98,0.3,3.6
228,2023,Fortaleza - CE,Corinthians - SP,2 x 1,14/09/2023,19:00,Arena Castelão,Fortaleza,229,23,27.2,85,0.1,7.9
229,2023,Cuiabá Saf - MT,America Saf - MG,2 x 2,15/09/2023,20:00,Arena Pantanal,Cuiaba,230,23,24.1,94,0.0,1.3
230,2023,Fluminense - RJ,Cruzeiro Saf - MG,1 x 0,20/09/2023,21:30,Maracanã,Rio de Janeiro,231,24,25.4,82,0.0,6.2
231,2023,Vasco da Gama S.a.f. - RJ,Coritiba S.a.f. - PR,5 x 1,21/09/2023,19:00,São Januário,Rio de Janeiro,232,24,25.4,82,0.0,6.2
232,2023,São Paulo - SP,Fortaleza - CE,1 x 2,20/09/2023,21:30,Morumbi,Sao Paulo,233,24,20.4,91,0.2,0.8
233,2023,Corinthians - SP,Botafogo - RJ,1 x 0,22/09/2023,20:00,Neo Química Arena,Sao Paulo,234,24,20.4,91,0.2,0.8
234,2023,Goiás - GO,Flamengo - RJ,0 x 0,20/09/2023,19:00,Hailé Pinheiro,Goiania,235,24,23.0,87,0.0,0.7
235,2023,Atlético Mineiro Saf - MG,Cuiabá Saf - MT,1 x 0,23/09/2023,21:00,ARENA MRV,Belo Horizonte,236,24,21.8,79,0.0,3.3
236,2023,Grêmio - RS,Palmeiras - SP,1 x 0,21/09/2023,21:30,Arena do Grêmio,Porto Alegre,237,24,20.7,92,0.0,7.2
237,2023,Athletico Paranaense - PR,Internacional - RS,2 x 1,21/09/2023,19:30,Ligga Arena,Curitiba,238,24,16.9,98,0.3,3.6
238,2023,Bahia - BA,Santos Fc - SP,1 x 2,18/09/2023,20:00,Arena Fonte Nova,Salvador,239,24,26.0,85,0.0,2.9
239,2023,America Saf - MG,Red Bull Bragantino - SP,0 x 2,19/09/2023,21:30,Independência,Belo Horizonte,240,24,21.8,79,0.0,3.3
240,2023,Flamengo - RJ,Bahia - BA,1 x 0,30/09/2023,16:00,Maracanã,Rio de Janeiro,241,25,25.4,82,0.0,6.2
241,2023,Botafogo - RJ,Goiás - GO,1 x 1,02/10/2023,20:00,Nilton Santos,Rio de Janeiro,242,25,25.4,82,0.0,6.2
242,2023,São Paulo - SP,Corinthians - SP,2 x 1,30/09/2023,18:30,Morumbi,Sao Paulo,243,25,20.4,91,0.2,0.8
243,2023,Santos Fc - SP,Vasco da Gama S.a.f. - RJ,4 x 1,01/10/2023,16:00,Vila Belmiro,Santos,244,25,24.1,88,0.0,4.3
244,2023,Red Bull Bragantino - SP,Palmeiras - SP,2 x 1,01/10/2023,18:30,Nabi Abi Chedid,Braganca Paulista,245,25,19.3,93,0.1,3.0
245,2023,Cruzeiro Saf - MG,America Saf - MG,1 x 1,01/10/2023,16:00,Mineirão,Belo Horizonte,246,25,21.8,79,0.0,3.3
246,2023,Internacional - RS,Atlético Mineiro Saf - MG,0 x 2,30/09/2023,21:00,Beira-Rio,Porto Alegre,247,25,20.7,92,0.0,7.2
247,2023,Coritiba S.a.f. - PR,Athletico Paranaense - PR,2 x 0,01/10/2023,16:00,Couto Pereira,Curitiba,248,25,16.9,98,0.3,3.6
248,2023,Fortaleza - CE,Grêmio - RS,1 x 1,30/09/2023,16:00,Arena Castelão,Fortaleza,249,25,27.2,85,0.1,7.9
249,2023,Cuiabá Saf - MT,Fluminense - RJ,3 x 0,30/09/2023,18:30,Arena Pantanal,Cuiaba,250,25,24.1,94,0.0,1.3
250,2023,Fluminense - RJ,Botafogo - RJ,0 x 2,08/10/2023,16:00,Maracanã,Rio de Janeiro,251,26,25.4,82,0.0,6.2
251,2023,Vasco da Gama S.a.f. - RJ,São Paulo - SP,0 x 0,07/10/2023,18:30,São Januário,Rio de Janeiro,252,26,25.4,82,0.0,6.2
252,2023,Palmeiras - SP,Santos Fc - SP,1 x 2,08/10/2023,16:00,Arena Barueri,Barueri,253,26,19.9,91,0.0,1.0
253,2023,Corinthians - SP,Flamengo - RJ,1 x 1,07/10/2023,21:00,Neo Química Arena,Sao Paulo,254,26,20.4,91,0.2,0.8
254,2023,Goiás - GO,Bahia - BA,4 x 6,07/10/2023,16:00,Hailé Pinheiro,Goiania,255,26,23.0,87,0.0,0.7
255,2023,Atlético Mineiro Saf - MG,Coritiba S.a.f. - PR,1 x 2,08/10/2023,18:30,ARENA MRV,Belo Horizonte,256,26,21.8,79,0.0,3.3
256,2023,Internacional - RS,Grêmio - RS,3 x 2,08/10/2023,16:00,Beira-Rio,Porto Alegre,257,26,20.7,92,0.0,7.2
257,2023,Athletico Paranaense - PR,Red Bull Bragantino - SP,1 x 1,08/10/2023,18:30,Ligga Arena,Curitiba,258,26,16.9,98,0.3,3.6
258,2023,Fortaleza - CE,America Saf - MG,3 x 2,08/10/2023,18:30,Arena Castelão,Fortaleza,259,26,27.2,85,0.1,7.9
259,2023,Cuiabá Saf - MT,Cruzeiro Saf - MG,0 x 0,14/10/2023,21:00,Arena Pantanal,Cuiaba,260,26,24.1,94,0.0,1.3
260,2023,Fluminense - RJ,Corinthians - SP,3 x 3,19/10/2023,21:30,Maracanã,Rio de Janeiro,261,27,25.4,82,0.0,6.2
261,2023,Vasco da Gama S.a.f. - RJ,Fortaleza - CE,1 x 0,18/10/2023,21:30,São Januário,Rio de Janeiro,262,27,25.4,82,0.0,6.2
262,2023,Palmeiras - SP,Atlético Mineiro Saf - MG,0 x 2,19/10/2023,19:00,Allianz Parque,Sao Paulo,263,27,20.4,91,0.2,0.8
263,2023,Santos Fc - SP,Red Bull Bragantino - SP,1 x 3,19/10/2023,20:00,Vila Belmiro,Santos,264,27,24.1,88,0.0,4.3
264,2023,Goiás - GO,São Paulo - SP,2 x 0,18/10/2023,21:30,Hailé Pinheiro,Goiania,265,27,23.0,87,0.0,0.7
265,2023,Cruzeiro Saf - MG,Flamengo - RJ,0 x 2,19/10/2023,19:00,Mineirão,Belo Horizonte,266,27,21.8,79,0.0,3.3
266,2023,Grêmio - RS,Athletico Paranaense - PR,1 x 2,18/10/2023,19:00,Arena do Grêmio,Porto Alegre,267,27,20.7,92,0.0,7.2
267,2023,Coritiba S.a.f. - PR,Cuiabá Saf - MT,0 x 3,18/10/2023,20:00,Couto Pereira,Curitiba,268,27,16.9,98,0.3,3.6
268,2023,Bahia - BA,Internacional - RS,1 x 0,18/10/2023,21:30,Arena Fonte Nova,Salvador,269,27,26.0,85,0.0,2.9
269,2023,America Saf - MG,Botafogo - RJ,1 x 2,18/10/2023,20:00,Independência,Belo Horizonte,270,27,21.8,79,0.0,3.3
270,2023,Flamengo - RJ,Vasco da Gama S.a.f. - RJ,1 x 0,22/10/2023,16:00,Maracanã,Rio de Janeiro,271,28,25.4,82,0.0,6.2
271,2023,Botafogo - RJ,Athletico Paranaense - PR,1 x 1,22/10/2023,15:00,Nilton Santos,Rio de Janeiro,272,28,25.4,82,0.0,6.2
272,2023,São Paulo - SP,Grêmio - RS,3 x 0,21/10/2023,18:30,Morumbi,Sao Paulo,273,28,20.4,91,0.2,0.8
273,2023,Corinthians - SP,America Saf - MG,1 x 1,22/10/2023,18:30,Neo Química Arena,Sao Paulo,274,28,20.4,91,0.2,0.8
274,2023,Red Bull Bragantino - SP,Fluminense - RJ,1 x 0,22/10/2023,18:30,Nabi Abi Chedid,Braganca Paulista,275,28,19.3,93,0.1,3.0
275,2023,Atlético Mineiro Saf - MG,Cruzeiro Saf - MG,0 x 1,22/10/2023,16:00,ARENA MRV,Belo Horizonte,276,28,21.8,79,0.0,3.3
276,2023,Internacional - RS,Santos Fc - SP,7 x 1,22/10/2023,16:00,Beira-Rio,Porto Alegre,277,28,20.7,92,0.0,7.2
277,2023,Coritiba S.a.f. - PR,Palmeiras - SP,0 x 2,22/10/2023,18:30,Couto Pereira,Curitiba,278,28,16.9,98,0.3,3.6
278,2023,Bahia - BA,Fortaleza - CE,2 x 0,21/10/2023,18:30,Arena Fonte Nova,Salvador,279,28,26.0,85,0.0,2.9
279,2023,Cuiabá Saf - MT,Goiás - GO,1 x 1,21/10/2023,18:30,Arena Pantanal,Cuiaba,280,28,24.1,94,0.0,1.3
280,2023,Fluminense - RJ,Goiás - GO,5 x 3,25/10/2023,19:00,Raulino de Oliveira,Volta Redonda,281,29,20.1,97,0.2,3.4
281,2023,Vasco da Gama S.a.f. - RJ,Internacional - RS,1 x 2,26/10/2023,19:00,São Januário,Rio de Janeiro,282,29,25.4,82,0.0,6.2
282,2023,Palmeiras - SP,São Paulo - SP,5 x 0,25/10/2023,20:00,Allianz Parque,Sao Paulo,283,29,20.4,91,0.2,0.8
283,2023,Santos Fc - SP,Coritiba S.a.f. - PR,2 x 1,26/10/2023,21:30,Vila Belmiro,Santos,284,29,24.1,88,0.0,4.3
284,2023,Red Bull Bragantino - SP,Atlético Mineiro Saf - MG,1 x 2,25/10/2023,19:00,Nabi Abi Chedid,Braganca Paulista,285,29,19.3,93,0.1,3.0
285,2023,Cruzeiro Saf - MG,Bahia - BA,3 x 0,25/10/2023,20:00,Mineirão,Belo Horizonte,286,29,21.8,79,0.0,3.3
286,2023,Grêmio - RS,Flamengo - RJ,3 x 2,25/10/2023,21:30,Arena do Grêmio,Porto Alegre,287,29,20.7,92,0.0,7.2
287,2023,Athletico Paranaense - PR,America Saf - MG,3 x 2,25/10/2023,19:00,Ligga Arena,Curitiba,288,29,16.9,98,0.3,3.6
288,2023,Fortaleza - CE,Botafogo - RJ,2 x 2,23/11/2023,19:00,Arena Castelão,Fortaleza,289,29,27.2,85,0.1,7.9
289,2023,Cuiabá Saf - MT,Corinthians - SP,0 x 1,25/10/2023,21:30,Arena Pantanal,Cuiaba,290,29,24.1,94,0.0,1.3
290,2023,Flamengo - RJ,Red Bull Bragantino - SP,1 x 0,23/11/2023,21:30,Maracanã,Rio de Janeiro,291,30,25.4,82,0.0,6.2
291,2023,Botafogo - RJ,Cuiabá Saf - MT,0 x 1,29/10/2023,20:00,Nilton Santos,Rio de Janeiro,292,30,25.4,82,0.0,6.2
292,2023,Palmeiras - SP,Bahia - BA,1 x 0,28/10/2023,19:00,Allianz Parque,Sao Paulo,293,30,20.4,91,0.2,0.8
293,2023,Corinthians - SP,Santos Fc - SP,1 x 1,29/10/2023,18:30,Neo Química Arena,Sao Paulo,294,30,20.4,91,0.2,0.8
294,2023,Goiás - GO,Vasco da Gama S.a.f. - RJ,1 x 1,29/10/2023,16:00,Hailé Pinheiro,Goiania,295,30,23.0,87,0.0,0.7
295,2023,Atlético Mineiro Saf - MG,Fluminense - RJ,2 x 0,28/10/2023,21:00,ARENA MRV,Belo Horizonte,296,30,21.8,79,0.0,3.3
296,2023,Internacional - RS,Coritiba S.a.f. - PR,3 x 4,29/10/2023,18:30,Beira-Rio,Porto Alegre,297,30,20.7,92,0.0,7.2
297,2023,Athletico Paranaense - PR,São Paulo - SP,1 x 1,29/10/2023,16:00,Ligga Arena,Curitiba,298,30,16.9,98,0.3,3.6
298,2023,Fortaleza - CE,Cruzeiro Saf - MG,0 x 1,18/11/2023,18:30,Arena Castelão,Fortaleza,299,30,27.2,85,0.1,7.9
299,2023,America Saf - MG,Grêmio - RS,3 x 4,28/10/2023,19:00,Independência,Belo Horizonte,300,30,21.8,79,0.0,3.3
300,2023,Flamengo - RJ,Santos Fc - SP,1 x 2,01/11/2023,20:00,Mané Garrincha,Brasilia,301,31,19.9,91,0.0,4.4
301,2023,Botafogo - RJ,Palmeiras - SP,3 x 4,01/11/2023,21:30,Nilton Santos,Rio de Janeiro,302,31,25.4,82,0.0,6.2
302,2023,São Paulo - SP,Cruzeiro Saf - MG,1 x 0,02/11/2023,20:00,Morumbi,Sao Paulo,303,31,20.4,91,0.2,0.8
303,2023,Corinthians - SP,Athletico Paranaense - PR,1 x 0,01/11/2023,19:00,Neo Química Arena,Sao Paulo,304,31,20.4,91,0.2,0.8
304,2023,Goiás - GO,Red Bull Bragantino - SP,0 x 2,02/11/2023,18:00,Hailé Pinheiro,Goiania,305,31,23.0,87,0.0,0.7
305,2023,Atlético Mineiro Saf - MG,Fortaleza - CE,3 x 1,01/11/2023,21:30,ARENA MRV,Belo Horizonte,306,31,21.8,79,0.0,3.3
306,2023,Internacional - RS,America Saf - MG,1 x 1,01/11/2023,19:00,Beira-Rio,Porto Alegre,307,31,20.7,92,0.0,7.2
307,2023,Coritiba S.a.f. - PR,Grêmio - RS,1 x 2,01/11/2023,20:00,Couto Pereira,Curitiba,308,31,16.9,98,0.3,3.6
308,2023,Bahia - BA,Fluminense - RJ,1 x 0,31/10/2023,19:00,Arena Fonte Nova,Salvador,309,31,26.0,85,0.0,2.9
309,2023,Cuiabá Saf - MT,Vasco da Gama S.a.f. - RJ,0 x 2,02/11/2023,17:00,Arena Pantanal,Cuiaba,310,31,24.1,94,0.0,1.3
310,2023,Fluminense - RJ,São Paulo - SP,1 x 0,22/11/2023,21:30,Maracanã,Rio de Janeiro,311,32,25.4,82,0.0,6.2
311,2023,Vasco da Gama S.a.f. - RJ,Botafogo - RJ,1 x 0,06/11/2023,19:00,São Januário,Rio de Janeiro,312,32,25.4,82,0.0,6.2
312,2023,Palmeiras - SP,Athletico Paranaense - PR,1 x 0,04/11/2023,21:30,Arena Barueri,Barueri,313,32,19.9,91,0.0,1.0
313,2023,Santos Fc - SP,Cuiabá Saf - MT,0 x 0,06/11/2023,21:00,Vila Belmiro,Santos,314,32,24.1,88,0.0,4.3
314,2023,Red Bull Bragantino - SP,Corinthians - SP,1 x 0,05/11/2023,16:00,Nabi Abi Chedid,Braganca Paulista,315,32,19.3,93,0.1,3.0
315,2023,Cruzeiro Saf - MG,Internacional - RS,1 x 2,05/11/2023,16:00,Mineirão,Belo Horizonte,316,32,21.8,79,0.0,3.3
316,2023,Grêmio - RS,Bahia - BA,1 x 0,04/11/2023,19:30,Arena do Grêmio,Porto Alegre,317,32,20.7,92,0.0,7.2
317,2023,Coritiba S.a.f. - PR,Goiás - GO,0 x 1,05/11/2023,18:30,Couto Pereira,Curitiba,318,32,16.9,98,0.3,3.6
318,2023,Fortaleza - CE,Flamengo - RJ,0 x 2,05/11/2023,16:00,Arena Castelão,Fortaleza,319,32,27.2,85,0.1,7.9
319,2023,America Saf - MG,Atlético Mineiro Saf - MG,1 x 1,04/11/2023,19:30,Parque do Sabiá,Uberlandia,320,32,19.7,95,1.0,1.8
320,2023,Flamengo - RJ,Palmeiras - SP,3 x 0,08/11/2023,21:30,Maracanã,Rio de Janeiro,321,33,25.4,82,0.0,6.2
321,2023,Botafogo - RJ,Grêmio - RS,3 x 4,09/11/2023,20:00,São Januário,Rio de Janeiro,322,33,25.4,82,0.0,6.2
322,2023,São Paulo - SP,Red Bull Bragantino - SP,1 x 0,08/11/2023,20:00,Vila Belmiro,Santos,323,33,24.1,88,0.0,4.3
323,2023,Corinthians - SP,Atlético Mineiro Saf - MG,1 x 1,09/11/2023,19:00,Neo Química Arena,Sao Paulo,324,33,20.4,91,0.2,0.8
324,2023,Goiás - GO,Santos Fc - SP,0 x 1,09/11/2023,19:00,Hailé Pinheiro,Goiania,325,33,23.0,87,0.0,0.7
325,2023,Cruzeiro Saf - MG,Vasco da Gama S.a.f. - RJ,2 x 2,22/11/2023,19:00,Mineirão,Belo Horizonte,326,33,21.8,79,0.0,3.3
326,2023,Internacional - RS,Fluminense - RJ,0 x 0,08/11/2023,19:00,Beira-Rio,Porto Alegre,327,33,20.7,92,0.0,7.2
327,2023,Athletico Paranaense - PR,Fortaleza - CE,1 x 1,08/11/2023,20:00,Ligga Arena,Curitiba,328,33,16.9,98,0.3,3.6
328,2023,Bahia - BA,Cuiabá Saf - MT,0 x 3,09/11/2023,20:00,Arena Fonte Nova,Salvador,329,33,26.0,85,0.0,2.9
329,2023,America Saf - MG,Coritiba S.a.f. - PR,0 x 3,08/11/2023,19:00,Independência,Belo Horizonte,330,33,21.8,79,0.0,3.3
330,2023,Flamengo - RJ,Fluminense - RJ,1 x 1,11/11/2023,18:30,Maracanã,Rio de Janeiro,331,34,25.4,82,0.0,6.2
331,2023,Vasco da Gama S.a.f. - RJ,America Saf - MG,2 x 1,12/11/2023,18:30,São Januário,Rio de Janeiro,332,34,25.4,82,0.0,6.2
332,2023,Palmeiras - SP,Internacional - RS,3 x 0,11/11/2023,21:00,Arena Barueri,Barueri,333,34,19.9,91,0.0,1.0
333,2023,Santos Fc - SP,São Paulo - SP,0 x 0,12/11/2023,18:30,Vila Belmiro,Santos,334,34,24.1,88,0.0,4.3
334,2023,Red Bull Bragantino - SP,Botafogo - RJ,2 x 2,12/11/2023,16:00,Nabi Abi Chedid,Braganca Paulista,335,34,19.3,93,0.1,3.0
335,2023,Atlético Mineiro Saf - MG,Goiás - GO,2 x 1,12/11/2023,18:30,ARENA MRV,Belo Horizonte,336,34,21.8,79,0.0,3.3
336,2023,Grêmio - RS,Corinthians - SP,0 x 1,12/11/2023,16:00,Arena do Grêmio,Porto Alegre,337,34,20.7,92,0.0,7.2
337,2023,Coritiba S.a.f. - PR,Cruzeiro Saf - MG,1 x 0,11/11/2023,16:00,Durival Britto,Curitiba,338,34,16.9,98,0.3,3.6
338,2023,Bahia - BA,Athletico Paranaense - PR,1 x 1,12/11/2023,18:30,Arena Fonte Nova,Salvador,339,34,26.0,85,0.0,2.9
339,2023,Cuiabá Saf - MT,Fortaleza - CE,2 x 1,12/11/2023,18:30,Arena Pantanal,Cuiaba,340,34,24.1,94,0.0,1.3
340,2023,Fluminense - RJ,Coritiba S.a.f. - PR,2 x 1,25/11/2023,21:00,Maracanã,Rio de Janeiro,341,35,25.4,82,0.0,6.2
341,2023,Botafogo - RJ,Santos Fc - SP,1 x 1,26/11/2023,16:00,Nilton Santos,Rio de Janeiro,342,35,25.4,82,0.0,6.2
342,2023,São Paulo - SP,Cuiabá Saf - MT,0 x 0,26/11/2023,18:30,Morumbi,Sao Paulo,343,35,20.4,91,0.2,0.8
343,2023,Corinthians - SP,Bahia - BA,1 x 5,24/11/2023,21:00,Neo Química Arena,Sao Paulo,344,35,20.4,91,0.2,0.8
344,2023,Goiás - GO,Cruzeiro Saf - MG,0 x 1,27/11/2023,21:00,Hailé Pinheiro,Goiania,345,35,23.0,87,0.0,0.7
345,2023,Atlético Mineiro Saf - MG,Grêmio - RS,3 x 0,26/11/2023,16:00,ARENA MRV,Belo Horizonte,346,35,21.8,79,0.0,3.3
346,2023,Internacional - RS,Red Bull Bragantino - SP,1 x 0,26/11/2023,18:30,Beira-Rio,Porto Alegre,347,35,20.7,92,0.0,7.2
347,2023,Athletico Paranaense - PR,Vasco da Gama S.a.f. - RJ,0 x 0,25/11/2023,19:30,Ligga Arena,Curitiba,348,35,16.9,98,0.3,3.6
348,2023,Fortaleza - CE,Palmeiras - SP,2 x 2,26/11/2023,18:30,Arena Castelão,Fortaleza,349,35,27.2,85,0.1,7.9
349,2023,America Saf - MG,Flamengo - RJ,0 x 3,26/11/2023,18:30,Parque do Sabiá,Uberlandia,350,35,19.7,95,1.0,1.8
350,2023,Flamengo - RJ,Atlético Mineiro Saf - MG,0 x 3,29/11/2023,19:30,Maracanã,Rio de Janeiro,351,36,25.4,82,0.0,6.2
351,2023,Vasco da Gama S.a.f. - RJ,Corinthians - SP,2 x 4,28/11/2023,21:30,São Januário,Rio de Janeiro,352,36,25.4,82,0.0,6.2
352,2023,Palmeiras - SP,America Saf - MG,4 x 0,29/11/2023,21:30,Allianz Parque,Sao Paulo,353,36,20.4,91,0.2,0.8
353,2023,Santos Fc - SP,Fluminense - RJ,0 x 3,29/11/2023,19:00,Vila Belmiro,Santos,354,36,24.1,88,0.0,4.3
354,2023,Red Bull Bragantino - SP,Fortaleza - CE,1 x 2,30/11/2023,20:30,Nabi Abi Chedid,Braganca Paulista,355,36,19.3,93,0.1,3.0
355,2023,Cruzeiro Saf - MG,Athletico Paranaense - PR,1 x 1,30/11/2023,20:00,Mineirão,Belo Horizonte,356,36,21.8,79,0.0,3.3
356,2023,Grêmio - RS,Goiás - GO,2 x 1,30/11/2023,19:00,Arena do Grêmio,Porto Alegre,357,36,20.7,92,0.0,7.2
357,2023,Coritiba S.a.f. - PR,Botafogo - RJ,1 x 1,29/11/2023,21:30,Couto Pereira,Curitiba,358,36,16.9,98,0.3,3.6
358,2023,Bahia - BA,São Paulo - SP,0 x 1,29/11/2023,20:00,Arena Fonte Nova,Salvador,359,36,26.0,85,0.0,2.9
359,2023,Cuiabá Saf - MT,Internacional - RS,0 x 2,29/11/2023,20:00,Arena Pantanal,Cuiaba,360,36,24.1,94,0.0,1.3
360,2023,Flamengo - RJ,Cuiabá Saf - MT,2 x 1,03/12/2023,16:00,Maracanã,Rio de Janeiro,361,37,25.4,82,0.0,6.2
361,2023,Botafogo - RJ,Cruzeiro Saf - MG,0 x 0,03/12/2023,18:30,Nilton Santos,Rio de Janeiro,362,37,25.4,82,0.0,6.2
362,2023,Palmeiras - SP,Fluminense - RJ,1 x 0,03/12/2023,16:00,Allianz Parque,Sao Paulo,363,37,20.4,91,0.2,0.8
363,2023,Corinthians - SP,Internacional - RS,1 x 2,02/12/2023,18:00,Neo Química Arena,Sao Paulo,364,37,20.4,91,0.2,0.8
364,2023,Red Bull Bragantino - SP,Coritiba S.a.f. - PR,1 x 0,03/12/2023,18:30,Nabi Abi Chedid,Braganca Paulista,365,37,19.3,93,0.1,3.0
365,2023,Atlético Mineiro Saf - MG,São Paulo - SP,2 x 1,02/12/2023,21:00,Mineirão,Belo Horizonte,366,37,21.8,79,0.0,3.3
366,2023,Grêmio - RS,Vasco da Gama S.a.f. - RJ,1 x 0,03/12/2023,18:30,Arena do Grêmio,Porto Alegre,367,37,20.7,92,0.0,7.2
367,2023,Athletico Paranaense - PR,Santos Fc - SP,3 x 0,03/12/2023,18:30,Ligga Arena,Curitiba,368,37,16.9,98,0.3,3.6
368,2023,Fortaleza - CE,Goiás - GO,1 x 0,03/12/2023,18:30,Arena Castelão,Fortaleza,369,37,27.2,85,0.1,7.9
369,2023,America Saf - MG,Bahia - BA,3 x 2,03/12/2023,18:30,Independência,Belo Horizonte,370,37,21.8,79,0.0,3.3
370,2023,Fluminense - RJ,Grêmio - RS,2 x 3,06/12/2023,21:30,Maracanã,Rio de Janeiro,371,38,25.4,82,0.0,6.2
371,2023,Vasco da Gama S.a.f. - RJ,Red Bull Bragantino - SP,2 x 1,06/12/2023,21:30,São Januário,Rio de Janeiro,372,38,25.4,82,0.0,6.2
372,2023,São Paulo - SP,Flamengo - RJ,1 x 0,06/12/2023,21:30,Morumbi,Sao Paulo,373,38,20.4,91,0.2,0.8
373,2023,Santos Fc - SP,Fortaleza - CE,1 x 2,06/12/2023,21:30,Vila Belmiro,Santos,374,38,24.1,88,0.0,4.3
374,2023,Goiás - GO,America Saf - MG,1 x 0,06/12/2023,19:00,Hailé Pinheiro,Goiania,375,38,23.0,87,0.0,0.7
375,2023,Cruzeiro Saf - MG,Palmeiras - SP,1 x 1,06/12/2023,21:30,Mineirão,Belo Horizonte,376,38,21.8,79,0.0,3.3
376,2023,Internacional - RS,Botafogo - RJ,3 x 1,06/12/2023,21:30,Beira-Rio,Porto Alegre,377,38,20.7,92,0.0,7.2
377,2023,Coritiba S.a.f. - PR,Corinthians - SP,0 x 2,06/12/2023,21:30,Couto Pereira,Curitiba,378,38,16.9,98,0.3,3.6
378,2023,Bahia - BA,Atlético Mineiro Saf - MG,4 x 1,06/12/2023,21:30,Arena Fonte Nova,Salvador,379,38,26.0,85,0.0,2.9
379,2023,Cuiabá Saf - MT,Athletico Paranaense - PR,3 x 0,06/12/2023,21:30,Arena Pantanal,Cuiaba,380,38,24.1,94,0.0,1.3
380,2024,Internacional - RS,Bahia - BA,2 x 1,13/04/2024,18:30,Beira-Rio,Porto Alegre,1,1,20.7,92,0.0,7.2
381,2024,Cruzeiro Saf - MG,Botafogo - RJ,3 x 2,14/04/2024,17:00,Mineirão,Belo Horizonte,2,1,21.8,79,0.0,3.3
382,2024,Vitória - BA,Palmeiras - SP,0 x 1,14/04/2024,18:30,Manoel Barradas,Salvador,3,1,26.0,85,0.0,2.9
383,2024,Fluminense - RJ,Red Bull Bragantino - SP,2 x 2,13/04/2024,21:00,Maracanã,Rio de Janeiro,4,1,25.4,82,0.0,6.2
384,2024,Vasco da Gama S.a.f. - RJ,Grêmio - RS,2 x 1,14/04/2024,16:00,São Januário,Rio de Janeiro,5,1,25.4,82,0.0,6.2
385,2024,Corinthians - SP,Atlético Mineiro Saf - MG,0 x 0,14/04/2024,16:00,Neo Química Arena,Sao Paulo,6,1,20.4,91,0.2,0.8
386,2024,São Paulo - SP,Fortaleza - CE,1 x 2,13/04/2024,21:00,Morumbi,Sao Paulo,7,1,20.4,91,0.2,0.8
387,2024,Athletico Paranaense - PR,Cuiabá Saf - MT,4 x 0,14/04/2024,16:00,Ligga Arena,Curitiba,8,1,16.9,98,0.3,3.6
388,2024,Atlético Goianiense Saf - GO,Flamengo - RJ,1 x 2,14/04/2024,16:00,Serra Dourada,Goiania,9,1,23.0,87,0.0,0.7
389,2024,Criciúma - SC,Juventude - RS,1 x 1,13/04/2024,18:30,Heriberto Hulse,Criciuma,10,1,19.7,98,0.0,2.3
390,2024,Grêmio - RS,Athletico Paranaense - PR,2 x 0,17/04/2024,19:00,Arena do Grêmio,Porto Alegre,11,2,20.7,92,0.0,7.2
391,2024,Atlético Mineiro Saf - MG,Criciúma - SC,1 x 1,17/04/2024,20:00,ARENA MRV,Belo Horizonte,12,2,21.8,79,0.0,3.3
392,2024,Bahia - BA,Fluminense - RJ,2 x 1,16/04/2024,21:30,Arena Fonte Nova,Salvador,13,2,26.0,85,0.0,2.9
393,2024,Flamengo - RJ,São Paulo - SP,2 x 1,17/04/2024,21:30,Maracanã,Rio de Janeiro,14,2,25.4,82,0.0,6.2
394,2024,Botafogo - RJ,Atlético Goianiense Saf - GO,1 x 0,18/04/2024,21:30,Nilton Santos,Rio de Janeiro,15,2,25.4,82,0.0,6.2
395,2024,Palmeiras - SP,Internacional - RS,0 x 1,17/04/2024,20:00,Arena Barueri,Barueri,16,2,19.9,91,0.0,1.0
396,2024,Red Bull Bragantino - SP,Vasco da Gama S.a.f. - RJ,2 x 1,17/04/2024,19:00,Nabi Abi Chedid,Braganca Paulista,17,2,19.3,93,0.1,3.0
397,2024,Fortaleza - CE,Cruzeiro Saf - MG,1 x 1,17/04/2024,20:00,Arena Castelão,Fortaleza,18,2,27.2,85,0.1,7.9
398,2024,Cuiabá Saf - MT,Vitória - BA,0 x 0,05/06/2024,20:00,Arena Pantanal,Cuiaba,19,2,24.1,94,0.0,1.3
399,2024,Juventude - RS,Corinthians - SP,2 x 0,17/04/2024,20:00,Alfredo Jaconi,Caxias do Sul,20,2,16.2,89,0.0,1.8
400,2024,Grêmio - RS,Cuiabá Saf - MT,1 x 0,20/04/2024,18:30,Arena do Grêmio,Porto Alegre,21,3,20.7,92,0.0,7.2
401,2024,Atlético Mineiro Saf - MG,Cruzeiro Saf - MG,3 x 0,20/04/2024,21:00,ARENA MRV,Belo Horizonte,22,3,21.8,79,0.0,3.3
402,2024,Vitória - BA,Bahia - BA,2 x 2,21/04/2024,16:00,Manoel Barradas,Salvador,23,3,26.0,85,0.0,2.9
403,2024,Fluminense - RJ,Vasco da Gama S.a.f. - RJ,2 x 1,20/04/2024,16:00,Maracanã,Rio de Janeiro,24,3,25.4,82,0.0,6.2
404,2024,Botafogo - RJ,Juventude - RS,5 x 1,21/04/2024,18:30,Nilton Santos,Rio de Janeiro,25,3,25.4,82,0.0,6.2
405,2024,Palmeiras - SP,Flamengo - RJ,0 x 0,21/04/2024,16:00,Allianz Parque,Sao Paulo,26,3,20.4,91,0.2,0.8
406,2024,Red Bull Bragantino - SP,Corinthians - SP,1 x 0,20/04/2024,18:30,Nabi Abi Chedid,Braganca Paulista,27,3,19.3,93,0.1,3.0
407,2024,Athletico Paranaense - PR,Internacional - RS,1 x 0,21/04/2024,16:00,Ligga Arena,Curitiba,28,3,16.9,98,0.3,3.6
408,2024,Atlético Goianiense Saf - GO,São Paulo - SP,0 x 3,21/04/2024,18:30,Antônio Accioly,Goiania,29,3,23.0,87,0.0,0.7
409,2024,Criciúma - SC,Fortaleza - CE,1 x 1,24/07/2024,19:00,Heriberto Hulse,Criciuma,30,3,19.7,98,0.0,2.3
410,2024,Internacional - RS,Atlético Goianiense Saf - GO,1 x 1,28/04/2024,20:00,Beira-Rio,Porto Alegre,31,4,20.7,92,0.0,7.2
411,2024,Cruzeiro Saf - MG,Vitória - BA,3 x 1,28/04/2024,16:00,Mineirão,Belo Horizonte,32,4,21.8,79,0.0,3.3
412,2024,Bahia - BA,Grêmio - RS,1 x 0,27/04/2024,21:00,Arena Fonte Nova,Salvador,33,4,26.0,85,0.0,2.9
413,2024,Flamengo - RJ,Botafogo - RJ,0 x 2,28/04/2024,11:00,Maracanã,Rio de Janeiro,34,4,25.4,82,0.0,6.2
414,2024,Vasco da Gama S.a.f. - RJ,Criciúma - SC,0 x 4,27/04/2024,16:00,São Januário,Rio de Janeiro,35,4,25.4,82,0.0,6.2
415,2024,Corinthians - SP,Fluminense - RJ,3 x 0,28/04/2024,16:00,Neo Química Arena,Sao Paulo,36,4,20.4,91,0.2,0.8
416,2024,São Paulo - SP,Palmeiras - SP,0 x 0,29/04/2024,20:00,Morumbi,Sao Paulo,37,4,20.4,91,0.2,0.8
417,2024,Fortaleza - CE,Red Bull Bragantino - SP,1 x 1,28/04/2024,18:30,Arena Castelão,Fortaleza,38,4,27.2,85,0.1,7.9
418,2024,Cuiabá Saf - MT,Atlético Mineiro Saf - MG,0 x 3,27/04/2024,18:30,Arena Pantanal,Cuiaba,39,4,24.1,94,0.0,1.3
419,2024,Juventude - RS,Athletico Paranaense - PR,1 x 1,28/04/2024,18:30,Alfredo Jaconi,Caxias do Sul,40,4,16.2,89,0.0,1.8
420,2024,Grêmio - RS,Criciúma - SC,1 x 2,25/09/2024,19:00,Arena do Grêmio,Porto Alegre,41,5,20.7,92,0.0,7.2
421,2024,Cruzeiro Saf - MG,Internacional - RS,0 x 0,28/08/2024,19:30,Mineirão,Belo Horizonte,42,5,21.8,79,0.0,3.3
422,2024,Vitória - BA,São Paulo - SP,1 x 3,05/05/2024,16:00,Manoel Barradas,Salvador,43,5,26.0,85,0.0,2.9
423,2024,Fluminense - RJ,Atlético Mineiro Saf - MG,2 x 2,04/05/2024,16:00,Kleber Andrade,Cariacica,44,5,24.3,86,0.0,7.6
424,2024,Botafogo - RJ,Bahia - BA,1 x 2,05/05/2024,18:30,Nilton Santos,Rio de Janeiro,45,5,25.4,82,0.0,6.2
425,2024,Corinthians - SP,Fortaleza - CE,0 x 0,04/05/2024,21:00,Neo Química Arena,Sao Paulo,46,5,20.4,91,0.2,0.8
426,2024,Red Bull Bragantino - SP,Flamengo - RJ,1 x 1,04/05/2024,18:30,Nabi Abi Chedid,Braganca Paulista,47,5,19.3,93,0.1,3.0
427,2024,Athletico Paranaense - PR,Vasco da Gama S.a.f. - RJ,1 x 0,05/05/2024,16:00,Ligga Arena,Curitiba,48,5,16.9,98,0.3,3.6
428,2024,Cuiabá Saf - MT,Palmeiras - SP,0 x 2,05/05/2024,18:30,Arena Pantanal,Cuiaba,49,5,24.1,94,0.0,1.3
429,2024,Juventude - RS,Atlético Goianiense Saf - GO,1 x 0,05/06/2024,19:00,Alfredo Jaconi,Caxias do Sul,50,5,16.2,89,0.0,1.8
430,2024,Internacional - RS,Juventude - RS,2 x 1,14/08/2024,19:30,Beira-Rio,Porto Alegre,51,6,20.7,92,0.0,7.2
431,2024,Atlético Mineiro Saf - MG,Grêmio - RS,2 x 1,09/10/2024,19:30,ARENA MRV,Belo Horizonte,52,6,21.8,79,0.0,3.3
432,2024,Bahia - BA,Red Bull Bragantino - SP,1 x 0,12/05/2024,18:30,Arena Fonte Nova,Salvador,53,6,26.0,85,0.0,2.9
433,2024,Flamengo - RJ,Corinthians - SP,2 x 0,11/05/2024,16:00,Maracanã,Rio de Janeiro,54,6,25.4,82,0.0,6.2
434,2024,Vasco da Gama S.a.f. - RJ,Vitória - BA,2 x 1,12/05/2024,18:30,São Januário,Rio de Janeiro,55,6,25.4,82,0.0,6.2
435,2024,Palmeiras - SP,Athletico Paranaense - PR,0 x 2,12/05/2024,16:00,Arena Barueri,Barueri,56,6,19.9,91,0.0,1.0
436,2024,São Paulo - SP,Fluminense - RJ,2 x 1,13/05/2024,20:00,Morumbi,Sao Paulo,57,6,20.4,91,0.2,0.8
437,2024,Fortaleza - CE,Botafogo - RJ,1 x 1,12/05/2024,16:00,Arena Castelão,Fortaleza,58,6,27.2,85,0.1,7.9
438,2024,Atlético Goianiense Saf - GO,Cruzeiro Saf - MG,0 x 1,12/05/2024,16:00,Antônio Accioly,Goiania,59,6,23.0,87,0.0,0.7
439,2024,Criciúma - SC,Cuiabá Saf - MT,2 x 5,09/06/2024,16:00,Heriberto Hulse,Criciuma,60,6,19.7,98,0.0,2.3
440,2024,Grêmio - RS,Red Bull Bragantino - SP,0 x 2,01/06/2024,16:00,Couto Pereira,Curitiba,61,7,16.9,98,0.3,3.6
441,2024,Atlético Mineiro Saf - MG,Bahia - BA,1 x 1,02/06/2024,16:00,ARENA MRV,Belo Horizonte,62,7,21.8,79,0.0,3.3
442,2024,Vitória - BA,Atlético Goianiense Saf - GO,0 x 2,01/06/2024,16:00,Manoel Barradas,Salvador,63,7,26.0,85,0.0,2.9
443,2024,Fluminense - RJ,Juventude - RS,1 x 1,01/06/2024,18:30,Maracanã,Rio de Janeiro,64,7,25.4,82,0.0,6.2
444,2024,Vasco da Gama S.a.f. - RJ,Flamengo - RJ,1 x 6,02/06/2024,16:00,Maracanã,Rio de Janeiro,65,7,25.4,82,0.0,6.2
445,2024,Corinthians - SP,Botafogo - RJ,0 x 1,01/06/2024,21:00,Neo Química Arena,Sao Paulo,66,7,20.4,91,0.2,0.8
446,2024,São Paulo - SP,Cruzeiro Saf - MG,2 x 0,02/06/2024,18:30,Morumbi,Sao Paulo,67,7,20.4,91,0.2,0.8
447,2024,Fortaleza - CE,Athletico Paranaense - PR,1 x 0,02/06/2024,18:30,Presidente Vargas,Fortaleza,68,7,27.2,85,0.1,7.9
448,2024,Cuiabá Saf - MT,Internacional - RS,0 x 1,01/06/2024,18:30,Arena Pantanal,Cuiaba,69,7,24.1,94,0.0,1.3
449,2024,Criciúma - SC,Palmeiras - SP,1 x 2,02/06/2024,16:00,Heriberto Hulse,Criciuma,70,7,19.7,98,0.0,2.3
450,2024,Internacional - RS,São Paulo - SP,0 x 0,13/06/2024,20:00,Heriberto Hulse,Criciuma,71,8,19.7,98,0.0,2.3
451,2024,Cruzeiro Saf - MG,Cuiabá Saf - MT,2 x 1,13/06/2024,19:00,Mineirão,Belo Horizonte,72,8,21.8,79,0.0,3.3
452,2024,Bahia - BA,Fortaleza - CE,1 x 0,13/06/2024,21:30,Arena Fonte Nova,Salvador,73,8,26.0,85,0.0,2.9
453,2024,Flamengo - RJ,Grêmio - RS,2 x 1,13/06/2024,20:00,Maracanã,Rio de Janeiro,74,8,25.4,82,0.0,6.2
454,2024,Botafogo - RJ,Fluminense - RJ,1 x 0,11/06/2024,20:00,Nilton Santos,Rio de Janeiro,75,8,25.4,82,0.0,6.2
455,2024,Palmeiras - SP,Vasco da Gama S.a.f. - RJ,2 x 0,13/06/2024,21:30,Allianz Parque,Sao Paulo,76,8,20.4,91,0.2,0.8
456,2024,Red Bull Bragantino - SP,Atlético Mineiro Saf - MG,1 x 2,11/06/2024,21:30,Nabi Abi Chedid,Braganca Paulista,77,8,19.3,93,0.1,3.0
457,2024,Athletico Paranaense - PR,Criciúma - SC,3 x 1,13/06/2024,20:00,Ligga Arena,Curitiba,78,8,16.9,98,0.3,3.6
458,2024,Atlético Goianiense Saf - GO,Corinthians - SP,2 x 2,11/06/2024,19:00,Antônio Accioly,Goiania,79,8,23.0,87,0.0,0.7
459,2024,Juventude - RS,Vitória - BA,1 x 1,11/06/2024,19:00,Alfredo Jaconi,Caxias do Sul,80,8,16.2,89,0.0,1.8
460,2024,Grêmio - RS,Botafogo - RJ,1 x 2,16/06/2024,18:30,Kleber Andrade,Cariacica,81,9,24.3,86,0.0,7.6
461,2024,Atlético Mineiro Saf - MG,Palmeiras - SP,0 x 4,17/06/2024,20:30,ARENA MRV,Belo Horizonte,82,9,21.8,79,0.0,3.3
462,2024,Vitória - BA,Internacional - RS,2 x 1,16/06/2024,16:00,Manoel Barradas,Salvador,83,9,26.0,85,0.0,2.9
463,2024,Fluminense - RJ,Atlético Goianiense Saf - GO,1 x 2,15/06/2024,21:00,Maracanã,Rio de Janeiro,84,9,25.4,82,0.0,6.2
464,2024,Vasco da Gama S.a.f. - RJ,Cruzeiro Saf - MG,0 x 0,16/06/2024,18:30,São Januário,Rio de Janeiro,85,9,25.4,82,0.0,6.2
465,2024,Corinthians - SP,São Paulo - SP,2 x 2,16/06/2024,16:00,Neo Química Arena,Sao Paulo,86,9,20.4,91,0.2,0.8
466,2024,Red Bull Bragantino - SP,Juventude - RS,2 x 1,15/06/2024,18:30,Nabi Abi Chedid,Braganca Paulista,87,9,19.3,93,0.1,3.0
467,2024,Athletico Paranaense - PR,Flamengo - RJ,1 x 1,16/06/2024,16:00,Ligga Arena,Curitiba,88,9,16.9,98,0.3,3.6
468,2024,Cuiabá Saf - MT,Fortaleza - CE,5 x 0,16/06/2024,18:30,Arena Pantanal,Cuiaba,89,9,24.1,94,0.0,1.3
469,2024,Criciúma - SC,Bahia - BA,2 x 2,16/06/2024,18:30,Heriberto Hulse,Criciuma,90,9,19.7,98,0.0,2.3
470,2024,Internacional - RS,Corinthians - SP,1 x 0,19/06/2024,21:30,Orlando Scarpelli,Florianopolis,91,10,22.2,92,0.2,8.0
471,2024,Cruzeiro Saf - MG,Fluminense - RJ,2 x 0,19/06/2024,21:30,Mineirão,Belo Horizonte,92,10,21.8,79,0.0,3.3
472,2024,Vitória - BA,Atlético Mineiro Saf - MG,4 x 2,20/06/2024,18:30,Manoel Barradas,Salvador,93,10,26.0,85,0.0,2.9
473,2024,Flamengo - RJ,Bahia - BA,2 x 1,20/06/2024,20:00,Maracanã,Rio de Janeiro,94,10,25.4,82,0.0,6.2
474,2024,Botafogo - RJ,Athletico Paranaense - PR,1 x 1,19/06/2024,19:00,Nilton Santos,Rio de Janeiro,95,10,25.4,82,0.0,6.2
475,2024,Palmeiras - SP,Red Bull Bragantino - SP,2 x 1,20/06/2024,21:30,Allianz Parque,Sao Paulo,96,10,20.4,91,0.2,0.8
476,2024,São Paulo - SP,Cuiabá Saf - MT,0 x 1,19/06/2024,20:00,Morumbi,Sao Paulo,97,10,20.4,91,0.2,0.8
477,2024,Fortaleza - CE,Grêmio - RS,1 x 0,19/06/2024,20:00,Arena Castelão,Fortaleza,98,10,27.2,85,0.1,7.9
478,2024,Atlético Goianiense Saf - GO,Criciúma - SC,1 x 2,19/06/2024,19:00,Antônio Accioly,Goiania,99,10,23.0,87,0.0,0.7
479,2024,Juventude - RS,Vasco da Gama S.a.f. - RJ,2 x 0,19/06/2024,20:00,Alfredo Jaconi,Caxias do Sul,100,10,16.2,89,0.0,1.8
480,2024,Grêmio - RS,Internacional - RS,0 x 1,22/06/2024,17:30,Couto Pereira,Curitiba,101,11,16.9,98,0.3,3.6
481,2024,Atlético Mineiro Saf - MG,Fortaleza - CE,1 x 1,23/06/2024,18:30,ARENA MRV,Belo Horizonte,102,11,21.8,79,0.0,3.3
482,2024,Bahia - BA,Cruzeiro Saf - MG,4 x 1,23/06/2024,16:00,Arena Fonte Nova,Salvador,103,11,26.0,85,0.0,2.9
483,2024,Fluminense - RJ,Flamengo - RJ,0 x 1,23/06/2024,16:00,Maracanã,Rio de Janeiro,104,11,25.4,82,0.0,6.2
484,2024,Vasco da Gama S.a.f. - RJ,São Paulo - SP,4 x 1,22/06/2024,21:30,São Januário,Rio de Janeiro,105,11,25.4,82,0.0,6.2
485,2024,Palmeiras - SP,Juventude - RS,3 x 1,23/06/2024,18:30,Allianz Parque,Sao Paulo,106,11,20.4,91,0.2,0.8
486,2024,Red Bull Bragantino - SP,Vitória - BA,2 x 1,23/06/2024,18:30,Nabi Abi Chedid,Braganca Paulista,107,11,19.3,93,0.1,3.0
487,2024,Athletico Paranaense - PR,Corinthians - SP,1 x 1,23/06/2024,16:00,Ligga Arena,Curitiba,108,11,16.9,98,0.3,3.6
488,2024,Cuiabá Saf - MT,Atlético Goianiense Saf - GO,0 x 0,22/06/2024,18:30,Arena Pantanal,Cuiaba,109,11,24.1,94,0.0,1.3
489,2024,Criciúma - SC,Botafogo - RJ,2 x 1,22/06/2024,16:00,Heriberto Hulse,Criciuma,110,11,19.7,98,0.0,2.3
490,2024,Internacional - RS,Atlético Mineiro Saf - MG,1 x 2,26/06/2024,21:30,Heriberto Hulse,Criciuma,111,12,19.7,98,0.0,2.3
491,2024,Cruzeiro Saf - MG,Athletico Paranaense - PR,2 x 0,26/06/2024,19:00,Mineirão,Belo Horizonte,112,12,21.8,79,0.0,3.3
492,2024,Bahia - BA,Vasco da Gama S.a.f. - RJ,2 x 1,26/06/2024,21:30,Arena Fonte Nova,Salvador,113,12,26.0,85,0.0,2.9
493,2024,Fluminense - RJ,Vitória - BA,0 x 1,27/06/2024,19:00,Maracanã,Rio de Janeiro,114,12,25.4,82,0.0,6.2
494,2024,Botafogo - RJ,Red Bull Bragantino - SP,2 x 1,26/06/2024,19:00,Nilton Santos,Rio de Janeiro,115,12,25.4,82,0.0,6.2
495,2024,Corinthians - SP,Cuiabá Saf - MT,1 x 1,26/06/2024,20:00,Neo Química Arena,Sao Paulo,116,12,20.4,91,0.2,0.8
496,2024,São Paulo - SP,Criciúma - SC,2 x 1,27/06/2024,20:00,Morumbi,Sao Paulo,117,12,20.4,91,0.2,0.8
497,2024,Fortaleza - CE,Palmeiras - SP,3 x 0,26/06/2024,21:30,Arena Castelão,Fortaleza,118,12,27.2,85,0.1,7.9
498,2024,Atlético Goianiense Saf - GO,Grêmio - RS,1 x 1,26/06/2024,20:00,Antônio Accioly,Goiania,119,12,23.0,87,0.0,0.7
499,2024,Juventude - RS,Flamengo - RJ,2 x 1,26/06/2024,20:00,Alfredo Jaconi,Caxias do Sul,120,12,16.2,89,0.0,1.8
500,2024,Grêmio - RS,Fluminense - RJ,1 x 0,30/06/2024,16:00,Centenário,Caxias do Sul,121,13,16.2,89,0.0,1.8
501,2024,Atlético Mineiro Saf - MG,Atlético Goianiense Saf - GO,1 x 1,30/06/2024,11:00,ARENA MRV,Belo Horizonte,122,13,21.8,79,0.0,3.3
502,2024,Vitória - BA,Athletico Paranaense - PR,0 x 1,30/06/2024,18:30,Manoel Barradas,Salvador,123,13,26.0,85,0.0,2.9
503,2024,Flamengo - RJ,Cruzeiro Saf - MG,2 x 1,30/06/2024,18:30,Maracanã,Rio de Janeiro,124,13,25.4,82,0.0,6.2
504,2024,Vasco da Gama S.a.f. - RJ,Botafogo - RJ,1 x 1,29/06/2024,18:30,São Januário,Rio de Janeiro,125,13,25.4,82,0.0,6.2
505,2024,Palmeiras - SP,Corinthians - SP,2 x 0,01/07/2024,20:00,Allianz Parque,Sao Paulo,126,13,20.4,91,0.2,0.8
506,2024,São Paulo - SP,Bahia - BA,3 x 1,30/06/2024,16:00,Morumbi,Sao Paulo,127,13,20.4,91,0.2,0.8
507,2024,Fortaleza - CE,Juventude - RS,2 x 1,30/06/2024,16:00,Arena Castelão,Fortaleza,128,13,27.2,85,0.1,7.9
508,2024,Cuiabá Saf - MT,Red Bull Bragantino - SP,1 x 1,29/06/2024,18:30,Arena Pantanal,Cuiaba,129,13,24.1,94,0.0,1.3
509,2024,Criciúma - SC,Internacional - RS,1 x 1,30/06/2024,18:30,Heriberto Hulse,Criciuma,130,13,19.7,98,0.0,2.3
510,2024,Grêmio - RS,Palmeiras - SP,2 x 2,04/07/2024,19:00,Centenário,Caxias do Sul,131,14,16.2,89,0.0,1.8
511,2024,Atlético Mineiro Saf - MG,Flamengo - RJ,2 x 4,03/07/2024,21:30,ARENA MRV,Belo Horizonte,132,14,21.8,79,0.0,3.3
512,2024,Bahia - BA,Juventude - RS,2 x 0,04/07/2024,19:00,Arena Fonte Nova,Salvador,133,14,26.0,85,0.0,2.9
513,2024,Fluminense - RJ,Internacional - RS,1 x 1,04/07/2024,20:00,Maracanã,Rio de Janeiro,134,14,25.4,82,0.0,6.2
514,2024,Vasco da Gama S.a.f. - RJ,Fortaleza - CE,2 x 0,03/07/2024,20:00,São Januário,Rio de Janeiro,135,14,25.4,82,0.0,6.2
515,2024,Corinthians - SP,Vitória - BA,3 x 2,04/07/2024,20:00,Neo Química Arena,Sao Paulo,136,14,20.4,91,0.2,0.8
516,2024,Red Bull Bragantino - SP,Atlético Goianiense Saf - GO,3 x 1,03/07/2024,21:30,Nabi Abi Chedid,Braganca Paulista,137,14,19.3,93,0.1,3.0
517,2024,Athletico Paranaense - PR,São Paulo - SP,1 x 2,03/07/2024,21:30,Ligga Arena,Curitiba,138,14,16.9,98,0.3,3.6
518,2024,Cuiabá Saf - MT,Botafogo - RJ,1 x 2,03/07/2024,19:00,Arena Pantanal,Cuiaba,139,14,24.1,94,0.0,1.3
519,2024,Criciúma - SC,Cruzeiro Saf - MG,1 x 0,03/07/2024,20:00,Heriberto Hulse,Criciuma,140,14,19.7,98,0.0,2.3
520,2024,Internacional - RS,Vasco da Gama S.a.f. - RJ,1 x 2,07/07/2024,18:00,Beira-Rio,Porto Alegre,141,15,20.7,92,0.0,7.2
521,2024,Cruzeiro Saf - MG,Corinthians - SP,3 x 0,07/07/2024,16:00,Mineirão,Belo Horizonte,142,15,21.8,79,0.0,3.3
522,2024,Vitória - BA,Criciúma - SC,2 x 1,07/07/2024,18:30,Manoel Barradas,Salvador,143,15,26.0,85,0.0,2.9
523,2024,Flamengo - RJ,Cuiabá Saf - MT,1 x 1,06/07/2024,20:00,Maracanã,Rio de Janeiro,144,15,25.4,82,0.0,6.2
524,2024,Botafogo - RJ,Atlético Mineiro Saf - MG,3 x 0,07/07/2024,20:30,Nilton Santos,Rio de Janeiro,145,15,25.4,82,0.0,6.2
525,2024,Palmeiras - SP,Bahia - BA,2 x 0,07/07/2024,18:30,Allianz Parque,Sao Paulo,146,15,20.4,91,0.2,0.8
526,2024,São Paulo - SP,Red Bull Bragantino - SP,2 x 0,06/07/2024,20:00,Morumbi,Sao Paulo,147,15,20.4,91,0.2,0.8
527,2024,Fortaleza - CE,Fluminense - RJ,1 x 0,07/07/2024,16:00,Arena Castelão,Fortaleza,148,15,27.2,85,0.1,7.9
528,2024,Atlético Goianiense Saf - GO,Athletico Paranaense - PR,1 x 2,07/07/2024,18:30,Antônio Accioly,Goiania,149,15,23.0,87,0.0,0.7
529,2024,Juventude - RS,Grêmio - RS,3 x 0,07/07/2024,16:00,Alfredo Jaconi,Caxias do Sul,150,15,16.2,89,0.0,1.8
530,2024,Grêmio - RS,Cruzeiro Saf - MG,0 x 2,10/07/2024,18:30,Centenário,Caxias do Sul,151,16,16.2,89,0.0,1.8
531,2024,Atlético Mineiro Saf - MG,São Paulo - SP,2 x 1,11/07/2024,21:30,ARENA MRV,Belo Horizonte,152,16,21.8,79,0.0,3.3
532,2024,Vitória - BA,Botafogo - RJ,0 x 1,11/07/2024,21:30,Manoel Barradas,Salvador,153,16,26.0,85,0.0,2.9
533,2024,Flamengo - RJ,Fortaleza - CE,1 x 2,11/07/2024,20:00,Maracanã,Rio de Janeiro,154,16,25.4,82,0.0,6.2
534,2024,Vasco da Gama S.a.f. - RJ,Corinthians - SP,2 x 0,10/07/2024,19:00,São Januário,Rio de Janeiro,155,16,25.4,82,0.0,6.2
535,2024,Palmeiras - SP,Atlético Goianiense Saf - GO,3 x 1,11/07/2024,19:30,Allianz Parque,Sao Paulo,156,16,20.4,91,0.2,0.8
536,2024,Red Bull Bragantino - SP,Internacional - RS,2 x 2,25/09/2024,19:00,Nabi Abi Chedid,Braganca Paulista,157,16,19.3,93,0.1,3.0
537,2024,Athletico Paranaense - PR,Bahia - BA,1 x 3,10/07/2024,19:00,Ligga Arena,Curitiba,158,16,16.9,98,0.3,3.6
538,2024,Cuiabá Saf - MT,Juventude - RS,0 x 0,05/09/2024,20:00,Arena Pantanal,Cuiaba,159,16,24.1,94,0.0,1.3
539,2024,Criciúma - SC,Fluminense - RJ,1 x 1,11/07/2024,20:00,Heriberto Hulse,Criciuma,160,16,19.7,98,0.0,2.3
540,2024,Internacional - RS,Flamengo - RJ,1 x 1,30/10/2024,19:00,Beira-Rio,Porto Alegre,161,17,20.7,92,0.0,7.2
541,2024,Cruzeiro Saf - MG,Red Bull Bragantino - SP,2 x 1,13/07/2024,16:00,Independência,Belo Horizonte,162,17,21.8,79,0.0,3.3
542,2024,Bahia - BA,Cuiabá Saf - MT,1 x 2,13/07/2024,16:00,Arena Fonte Nova,Salvador,163,17,26.0,85,0.0,2.9
543,2024,Fluminense - RJ,Athletico Paranaense - PR,1 x 0,22/10/2024,19:30,Maracanã,Rio de Janeiro,164,17,25.4,82,0.0,6.2
544,2024,Botafogo - RJ,Palmeiras - SP,1 x 0,17/07/2024,21:30,Nilton Santos,Rio de Janeiro,165,17,25.4,82,0.0,6.2
545,2024,Corinthians - SP,Criciúma - SC,2 x 1,16/07/2024,21:00,Neo Química Arena,Sao Paulo,166,17,20.4,91,0.2,0.8
546,2024,São Paulo - SP,Grêmio - RS,1 x 0,17/07/2024,20:00,Morumbi,Sao Paulo,167,17,20.4,91,0.2,0.8
547,2024,Fortaleza - CE,Vitória - BA,3 x 1,17/07/2024,21:30,Arena Castelão,Fortaleza,168,17,27.2,85,0.1,7.9
548,2024,Atlético Goianiense Saf - GO,Vasco da Gama S.a.f. - RJ,0 x 1,17/07/2024,19:00,Antônio Accioly,Goiania,169,17,23.0,87,0.0,0.7
549,2024,Juventude - RS,Atlético Mineiro Saf - MG,1 x 1,16/07/2024,19:00,Mané Garrincha,Brasilia,170,17,19.9,91,0.0,4.4
550,2024,Grêmio - RS,Vitória - BA,2 x 0,21/07/2024,11:00,Centenário,Caxias do Sul,171,18,16.2,89,0.0,1.8
551,2024,Atlético Mineiro Saf - MG,Vasco da Gama S.a.f. - RJ,2 x 0,21/07/2024,16:00,ARENA MRV,Belo Horizonte,172,18,21.8,79,0.0,3.3
552,2024,Bahia - BA,Corinthians - SP,0 x 1,21/07/2024,16:00,Arena Fonte Nova,Salvador,173,18,26.0,85,0.0,2.9
553,2024,Flamengo - RJ,Criciúma - SC,2 x 1,20/07/2024,16:00,Mané Garrincha,Brasilia,174,18,19.9,91,0.0,4.4
554,2024,Botafogo - RJ,Internacional - RS,1 x 0,20/07/2024,18:30,Nilton Santos,Rio de Janeiro,175,18,25.4,82,0.0,6.2
555,2024,Palmeiras - SP,Cruzeiro Saf - MG,2 x 0,20/07/2024,21:00,Allianz Parque,Sao Paulo,176,18,20.4,91,0.2,0.8
556,2024,Red Bull Bragantino - SP,Athletico Paranaense - PR,1 x 0,21/07/2024,18:30,Nabi Abi Chedid,Braganca Paulista,177,18,19.3,93,0.1,3.0
557,2024,Fortaleza - CE,Atlético Goianiense Saf - GO,3 x 1,21/07/2024,18:30,Arena Castelão,Fortaleza,178,18,27.2,85,0.1,7.9
558,2024,Cuiabá Saf - MT,Fluminense - RJ,0 x 1,21/07/2024,20:00,Arena Pantanal,Cuiaba,179,18,24.1,94,0.0,1.3
559,2024,Juventude - RS,São Paulo - SP,0 x 0,21/07/2024,18:30,Mané Garrincha,Brasilia,180,18,19.9,91,0.0,4.4
560,2024,Internacional - RS,Fortaleza - CE,2 x 1,11/09/2024,19:30,Beira-Rio,Porto Alegre,181,19,20.7,92,0.0,7.2
561,2024,Cruzeiro Saf - MG,Juventude - RS,2 x 0,24/07/2024,19:00,Mineirão,Belo Horizonte,182,19,21.8,79,0.0,3.3
562,2024,Vitória - BA,Flamengo - RJ,1 x 2,24/07/2024,20:00,Manoel Barradas,Salvador,183,19,26.0,85,0.0,2.9
563,2024,Fluminense - RJ,Palmeiras - SP,1 x 0,24/07/2024,21:30,Maracanã,Rio de Janeiro,184,19,25.4,82,0.0,6.2
564,2024,Vasco da Gama S.a.f. - RJ,Cuiabá Saf - MT,1 x 0,24/10/2024,19:00,São Januário,Rio de Janeiro,185,19,25.4,82,0.0,6.2
565,2024,Corinthians - SP,Grêmio - RS,2 x 2,25/07/2024,20:00,Neo Química Arena,Sao Paulo,186,19,20.4,91,0.2,0.8
566,2024,São Paulo - SP,Botafogo - RJ,2 x 2,24/07/2024,19:30,Morumbi,Sao Paulo,187,19,20.4,91,0.2,0.8
567,2024,Athletico Paranaense - PR,Atlético Mineiro Saf - MG,1 x 0,16/11/2024,18:30,Ligga Arena,Curitiba,188,19,16.9,98,0.3,3.6
568,2024,Atlético Goianiense Saf - GO,Bahia - BA,1 x 1,24/07/2024,21:30,Antônio Accioly,Goiania,189,19,23.0,87,0.0,0.7
569,2024,Criciúma - SC,Red Bull Bragantino - SP,1 x 0,28/08/2024,19:30,Heriberto Hulse,Criciuma,190,19,19.7,98,0.0,2.3
570,2024,Grêmio - RS,Vasco da Gama S.a.f. - RJ,1 x 0,28/07/2024,19:00,Arena Condá,Chapeco,191,20,16.0,84,0.0,2.2
571,2024,Atlético Mineiro Saf - MG,Corinthians - SP,2 x 1,28/07/2024,19:00,ARENA MRV,Belo Horizonte,192,20,21.8,79,0.0,3.3
572,2024,Bahia - BA,Internacional - RS,1 x 1,27/07/2024,20:00,Arena Fonte Nova,Salvador,193,20,26.0,85,0.0,2.9
573,2024,Flamengo - RJ,Atlético Goianiense Saf - GO,2 x 0,28/07/2024,16:00,Maracanã,Rio de Janeiro,194,20,25.4,82,0.0,6.2
574,2024,Botafogo - RJ,Cruzeiro Saf - MG,0 x 3,27/07/2024,21:30,Nilton Santos,Rio de Janeiro,195,20,25.4,82,0.0,6.2
575,2024,Palmeiras - SP,Vitória - BA,0 x 2,27/07/2024,19:00,Allianz Parque,Sao Paulo,196,20,20.4,91,0.2,0.8
576,2024,Red Bull Bragantino - SP,Fluminense - RJ,0 x 1,28/07/2024,11:00,Nabi Abi Chedid,Braganca Paulista,197,20,19.3,93,0.1,3.0
577,2024,Fortaleza - CE,São Paulo - SP,1 x 0,27/07/2024,21:30,Arena Castelão,Fortaleza,198,20,27.2,85,0.1,7.9
578,2024,Cuiabá Saf - MT,Athletico Paranaense - PR,1 x 2,28/07/2024,19:00,Arena Pantanal,Cuiaba,199,20,24.1,94,0.0,1.3
579,2024,Juventude - RS,Criciúma - SC,1 x 2,27/07/2024,19:00,Alfredo Jaconi,Caxias do Sul,200,20,16.2,89,0.0,1.8
580,2024,Internacional - RS,Palmeiras - SP,1 x 1,04/08/2024,17:00,Beira-Rio,Porto Alegre,201,21,20.7,92,0.0,7.2
581,2024,Cruzeiro Saf - MG,Fortaleza - CE,1 x 2,05/08/2024,21:00,Kleber Andrade,Cariacica,202,21,24.3,86,0.0,7.6
582,2024,Vitória - BA,Cuiabá Saf - MT,1 x 0,03/08/2024,16:00,Manoel Barradas,Salvador,203,21,26.0,85,0.0,2.9
583,2024,Fluminense - RJ,Bahia - BA,1 x 0,04/08/2024,16:00,Maracanã,Rio de Janeiro,204,21,25.4,82,0.0,6.2
584,2024,Vasco da Gama S.a.f. - RJ,Red Bull Bragantino - SP,2 x 2,03/08/2024,19:00,São Januário,Rio de Janeiro,205,21,25.4,82,0.0,6.2
585,2024,Corinthians - SP,Juventude - RS,1 x 1,04/08/2024,16:00,Neo Química Arena,Sao Paulo,206,21,20.4,91,0.2,0.8
586,2024,São Paulo - SP,Flamengo - RJ,1 x 0,03/08/2024,21:30,Morumbi,Sao Paulo,207,21,20.4,91,0.2,0.8
587,2024,Athletico Paranaense - PR,Grêmio - RS,0 x 2,04/08/2024,16:00,Ligga Arena,Curitiba,208,21,16.9,98,0.3,3.6
588,2024,Atlético Goianiense Saf - GO,Botafogo - RJ,1 x 4,03/08/2024,20:00,Antônio Accioly,Goiania,209,21,23.0,87,0.0,0.7
589,2024,Criciúma - SC,Atlético Mineiro Saf - MG,2 x 1,03/08/2024,20:00,Heriberto Hulse,Criciuma,210,21,19.7,98,0.0,2.3
590,2024,Internacional - RS,Athletico Paranaense - PR,2 x 2,11/08/2024,19:00,Beira-Rio,Porto Alegre,211,22,20.7,92,0.0,7.2
591,2024,Cruzeiro Saf - MG,Atlético Mineiro Saf - MG,0 x 0,10/08/2024,21:30,Mineirão,Belo Horizonte,212,22,21.8,79,0.0,3.3
592,2024,Bahia - BA,Vitória - BA,2 x 0,11/08/2024,16:00,Arena Fonte Nova,Salvador,213,22,26.0,85,0.0,2.9
593,2024,Flamengo - RJ,Palmeiras - SP,1 x 1,11/08/2024,16:00,Maracanã,Rio de Janeiro,214,22,25.4,82,0.0,6.2
594,2024,Vasco da Gama S.a.f. - RJ,Fluminense - RJ,2 x 0,10/08/2024,21:30,Nilton Santos,Rio de Janeiro,215,22,25.4,82,0.0,6.2
595,2024,Corinthians - SP,Red Bull Bragantino - SP,1 x 1,10/08/2024,21:30,Neo Química Arena,Sao Paulo,216,22,20.4,91,0.2,0.8
596,2024,São Paulo - SP,Atlético Goianiense Saf - GO,1 x 0,11/08/2024,16:00,Morumbi,Sao Paulo,217,22,20.4,91,0.2,0.8
597,2024,Fortaleza - CE,Criciúma - SC,1 x 0,10/08/2024,16:00,Arena Castelão,Fortaleza,218,22,27.2,85,0.1,7.9
598,2024,Cuiabá Saf - MT,Grêmio - RS,1 x 3,10/08/2024,19:00,Arena Pantanal,Cuiaba,219,22,24.1,94,0.0,1.3
599,2024,Juventude - RS,Botafogo - RJ,3 x 2,11/08/2024,11:00,Alfredo Jaconi,Caxias do Sul,220,22,16.2,89,0.0,1.8
600,2024,Grêmio - RS,Bahia - BA,0 x 2,17/08/2024,16:00,Alfredo Jaconi,Caxias do Sul,221,23,16.2,89,0.0,1.8
601,2024,Atlético Mineiro Saf - MG,Cuiabá Saf - MT,1 x 1,17/08/2024,16:00,ARENA MRV,Belo Horizonte,222,23,21.8,79,0.0,3.3
602,2024,Vitória - BA,Cruzeiro Saf - MG,2 x 2,19/08/2024,20:00,Manoel Barradas,Salvador,223,23,26.0,85,0.0,2.9
603,2024,Fluminense - RJ,Corinthians - SP,0 x 0,17/08/2024,21:00,Maracanã,Rio de Janeiro,224,23,25.4,82,0.0,6.2
604,2024,Botafogo - RJ,Flamengo - RJ,4 x 1,18/08/2024,18:30,Nilton Santos,Rio de Janeiro,225,23,25.4,82,0.0,6.2
605,2024,Palmeiras - SP,São Paulo - SP,2 x 1,18/08/2024,16:00,Allianz Parque,Sao Paulo,226,23,20.4,91,0.2,0.8
606,2024,Red Bull Bragantino - SP,Fortaleza - CE,1 x 2,17/08/2024,18:30,Nabi Abi Chedid,Braganca Paulista,227,23,19.3,93,0.1,3.0
607,2024,Athletico Paranaense - PR,Juventude - RS,1 x 2,18/08/2024,18:30,Ligga Arena,Curitiba,228,23,16.9,98,0.3,3.6
608,2024,Atlético Goianiense Saf - GO,Internacional - RS,1 x 0,18/08/2024,16:00,Antônio Accioly,Goiania,229,23,23.0,87,0.0,0.7
609,2024,Criciúma - SC,Vasco da Gama S.a.f. - RJ,2 x 2,18/08/2024,16:00,Heriberto Hulse,Criciuma,230,23,19.7,98,0.0,2.3
610,2024,Internacional - RS,Cruzeiro Saf - MG,1 x 0,25/08/2024,19:00,Beira-Rio,Porto Alegre,231,24,20.7,92,0.0,7.2
611,2024,Atlético Mineiro Saf - MG,Fluminense - RJ,0 x 2,24/08/2024,21:00,Mineirão,Belo Horizonte,232,24,21.8,79,0.0,3.3
612,2024,Bahia - BA,Botafogo - RJ,0 x 0,25/08/2024,16:00,Arena Fonte Nova,Salvador,233,24,26.0,85,0.0,2.9
613,2024,Flamengo - RJ,Red Bull Bragantino - SP,2 x 1,25/08/2024,20:00,Maracanã,Rio de Janeiro,234,24,25.4,82,0.0,6.2
614,2024,Vasco da Gama S.a.f. - RJ,Athletico Paranaense - PR,2 x 1,26/08/2024,21:00,São Januário,Rio de Janeiro,235,24,25.4,82,0.0,6.2
615,2024,Palmeiras - SP,Cuiabá Saf - MT,5 x 0,24/08/2024,18:30,Brinco de Ouro,Campinas,236,24,20.2,92,0.3,2.3
616,2024,São Paulo - SP,Vitória - BA,2 x 1,25/08/2024,18:30,Morumbi,Sao Paulo,237,24,20.4,91,0.2,0.8
617,2024,Fortaleza - CE,Corinthians - SP,1 x 0,25/08/2024,16:00,Arena Castelão,Fortaleza,238,24,27.2,85,0.1,7.9
618,2024,Atlético Goianiense Saf - GO,Juventude - RS,2 x 1,24/08/2024,16:00,Antônio Accioly,Goiania,239,24,23.0,87,0.0,0.7
619,2024,Criciúma - SC,Grêmio - RS,0 x 1,25/08/2024,16:00,Heriberto Hulse,Criciuma,240,24,19.7,98,0.0,2.3
620,2024,Grêmio - RS,Atlético Mineiro Saf - MG,2 x 3,01/09/2024,11:00,Arena do Grêmio,Porto Alegre,241,25,20.7,92,0.0,7.2
621,2024,Cruzeiro Saf - MG,Atlético Goianiense Saf - GO,3 x 1,01/09/2024,11:00,Mineirão,Belo Horizonte,242,25,21.8,79,0.0,3.3
622,2024,Vitória - BA,Vasco da Gama S.a.f. - RJ,0 x 1,01/09/2024,18:30,Manoel Barradas,Salvador,243,25,26.0,85,0.0,2.9
623,2024,Fluminense - RJ,São Paulo - SP,2 x 0,01/09/2024,18:30,Maracanã,Rio de Janeiro,244,25,25.4,82,0.0,6.2
624,2024,Botafogo - RJ,Fortaleza - CE,2 x 0,31/08/2024,21:00,Nilton Santos,Rio de Janeiro,245,25,25.4,82,0.0,6.2
625,2024,Corinthians - SP,Flamengo - RJ,2 x 1,01/09/2024,16:00,Neo Química Arena,Sao Paulo,246,25,20.4,91,0.2,0.8
626,2024,Red Bull Bragantino - SP,Bahia - BA,2 x 1,01/09/2024,18:30,Nabi Abi Chedid,Braganca Paulista,247,25,19.3,93,0.1,3.0
627,2024,Athletico Paranaense - PR,Palmeiras - SP,0 x 2,01/09/2024,18:30,Ligga Arena,Curitiba,248,25,16.9,98,0.3,3.6
628,2024,Cuiabá Saf - MT,Criciúma - SC,2 x 1,31/08/2024,18:30,Arena Pantanal,Cuiaba,249,25,24.1,94,0.0,1.3
629,2024,Juventude - RS,Internacional - RS,1 x 3,01/09/2024,18:30,Alfredo Jaconi,Caxias do Sul,250,25,16.2,89,0.0,1.8
630,2024,Internacional - RS,Cuiabá Saf - MT,3 x 0,16/09/2024,20:00,Beira-Rio,Porto Alegre,251,26,20.7,92,0.0,7.2
631,2024,Cruzeiro Saf - MG,São Paulo - SP,0 x 1,15/09/2024,18:30,Mineirão,Belo Horizonte,252,26,21.8,79,0.0,3.3
632,2024,Bahia - BA,Atlético Mineiro Saf - MG,3 x 0,15/09/2024,18:30,Arena Fonte Nova,Salvador,253,26,26.0,85,0.0,2.9
633,2024,Flamengo - RJ,Vasco da Gama S.a.f. - RJ,1 x 1,15/09/2024,18:30,Maracanã,Rio de Janeiro,254,26,25.4,82,0.0,6.2
634,2024,Botafogo - RJ,Corinthians - SP,2 x 1,14/09/2024,21:00,Nilton Santos,Rio de Janeiro,255,26,25.4,82,0.0,6.2
635,2024,Palmeiras - SP,Criciúma - SC,5 x 0,15/09/2024,16:00,Allianz Parque,Sao Paulo,256,26,20.4,91,0.2,0.8
636,2024,Red Bull Bragantino - SP,Grêmio - RS,2 x 2,15/09/2024,16:00,Nabi Abi Chedid,Braganca Paulista,257,26,19.3,93,0.1,3.0
637,2024,Athletico Paranaense - PR,Fortaleza - CE,1 x 1,14/09/2024,18:30,Ligga Arena,Curitiba,258,26,16.9,98,0.3,3.6
638,2024,Atlético Goianiense Saf - GO,Vitória - BA,0 x 2,14/09/2024,16:00,Antônio Accioly,Goiania,259,26,23.0,87,0.0,0.7
639,2024,Juventude - RS,Fluminense - RJ,2 x 1,15/09/2024,16:00,Alfredo Jaconi,Caxias do Sul,260,26,16.2,89,0.0,1.8
640,2024,Grêmio - RS,Flamengo - RJ,3 x 2,22/09/2024,18:30,Arena do Grêmio,Porto Alegre,261,27,20.7,92,0.0,7.2
641,2024,Atlético Mineiro Saf - MG,Red Bull Bragantino - SP,3 x 0,22/09/2024,16:00,ARENA MRV,Belo Horizonte,262,27,21.8,79,0.0,3.3
642,2024,Vitória - BA,Juventude - RS,1 x 0,21/09/2024,16:00,Manoel Barradas,Salvador,263,27,26.0,85,0.0,2.9
643,2024,Fluminense - RJ,Botafogo - RJ,0 x 1,21/09/2024,18:30,Maracanã,Rio de Janeiro,264,27,25.4,82,0.0,6.2
644,2024,Vasco da Gama S.a.f. - RJ,Palmeiras - SP,0 x 1,22/09/2024,16:00,Mané Garrincha,Brasilia,265,27,19.9,91,0.0,4.4
645,2024,Corinthians - SP,Atlético Goianiense Saf - GO,3 x 0,21/09/2024,16:00,Neo Química Arena,Sao Paulo,266,27,20.4,91,0.2,0.8
646,2024,São Paulo - SP,Internacional - RS,1 x 3,22/09/2024,18:30,Morumbi,Sao Paulo,267,27,20.4,91,0.2,0.8
647,2024,Fortaleza - CE,Bahia - BA,4 x 1,21/09/2024,21:00,Arena Castelão,Fortaleza,268,27,27.2,85,0.1,7.9
648,2024,Cuiabá Saf - MT,Cruzeiro Saf - MG,0 x 0,22/09/2024,18:30,Arena Pantanal,Cuiaba,269,27,24.1,94,0.0,1.3
649,2024,Criciúma - SC,Athletico Paranaense - PR,0 x 0,22/09/2024,20:00,Heriberto Hulse,Criciuma,270,27,19.7,98,0.0,2.3
650,2024,Internacional - RS,Vitória - BA,3 x 1,29/09/2024,18:30,Beira-Rio,Porto Alegre,271,28,20.7,92,0.0,7.2
651,2024,Cruzeiro Saf - MG,Vasco da Gama S.a.f. - RJ,1 x 1,29/09/2024,18:30,Mineirão,Belo Horizonte,272,28,21.8,79,0.0,3.3
652,2024,Bahia - BA,Criciúma - SC,1 x 0,29/09/2024,18:30,Arena Fonte Nova,Salvador,273,28,26.0,85,0.0,2.9
653,2024,Flamengo - RJ,Athletico Paranaense - PR,1 x 0,29/09/2024,20:00,Maracanã,Rio de Janeiro,274,28,25.4,82,0.0,6.2
654,2024,Botafogo - RJ,Grêmio - RS,0 x 0,28/09/2024,21:00,Mané Garrincha,Brasilia,275,28,19.9,91,0.0,4.4
655,2024,Palmeiras - SP,Atlético Mineiro Saf - MG,2 x 1,28/09/2024,18:30,Brinco de Ouro,Campinas,276,28,20.2,92,0.3,2.3
656,2024,São Paulo - SP,Corinthians - SP,3 x 1,29/09/2024,16:00,Mané Garrincha,Brasilia,277,28,19.9,91,0.0,4.4
657,2024,Fortaleza - CE,Cuiabá Saf - MT,1 x 0,29/09/2024,16:00,Arena Castelão,Fortaleza,278,28,27.2,85,0.1,7.9
658,2024,Atlético Goianiense Saf - GO,Fluminense - RJ,1 x 0,29/09/2024,16:00,Antônio Accioly,Goiania,279,28,23.0,87,0.0,0.7
659,2024,Juventude - RS,Red Bull Bragantino - SP,1 x 1,29/09/2024,11:00,Alfredo Jaconi,Caxias do Sul,280,28,16.2,89,0.0,1.8
660,2024,Grêmio - RS,Fortaleza - CE,3 x 1,04/10/2024,21:30,Arena do Grêmio,Porto Alegre,281,29,20.7,92,0.0,7.2
661,2024,Atlético Mineiro Saf - MG,Vitória - BA,2 x 2,05/10/2024,16:30,ARENA MRV,Belo Horizonte,282,29,21.8,79,0.0,3.3
662,2024,Bahia - BA,Flamengo - RJ,0 x 2,05/10/2024,19:00,Arena Fonte Nova,Salvador,283,29,26.0,85,0.0,2.9
663,2024,Fluminense - RJ,Cruzeiro Saf - MG,1 x 0,03/10/2024,21:30,Maracanã,Rio de Janeiro,284,29,25.4,82,0.0,6.2
664,2024,Vasco da Gama S.a.f. - RJ,Juventude - RS,1 x 1,05/10/2024,21:00,São Januário,Rio de Janeiro,285,29,25.4,82,0.0,6.2
665,2024,Corinthians - SP,Internacional - RS,2 x 2,05/10/2024,19:00,Neo Química Arena,Sao Paulo,286,29,20.4,91,0.2,0.8
666,2024,Red Bull Bragantino - SP,Palmeiras - SP,0 x 0,05/10/2024,16:30,Nabi Abi Chedid,Braganca Paulista,287,29,19.3,93,0.1,3.0
667,2024,Athletico Paranaense - PR,Botafogo - RJ,0 x 1,05/10/2024,16:30,Ligga Arena,Curitiba,288,29,16.9,98,0.3,3.6
668,2024,Cuiabá Saf - MT,São Paulo - SP,2 x 0,05/10/2024,19:00,Arena Pantanal,Cuiaba,289,29,24.1,94,0.0,1.3
669,2024,Criciúma - SC,Atlético Goianiense Saf - GO,2 x 0,03/10/2024,19:00,Heriberto Hulse,Criciuma,290,29,19.7,98,0.0,2.3
670,2024,Internacional - RS,Grêmio - RS,1 x 0,19/10/2024,16:00,Beira-Rio,Porto Alegre,291,30,20.7,92,0.0,7.2
671,2024,Cruzeiro Saf - MG,Bahia - BA,1 x 1,18/10/2024,21:30,Mineirão,Belo Horizonte,292,30,21.8,79,0.0,3.3
672,2024,Vitória - BA,Red Bull Bragantino - SP,1 x 0,19/10/2024,16:00,Manoel Barradas,Salvador,293,30,26.0,85,0.0,2.9
673,2024,Flamengo - RJ,Fluminense - RJ,0 x 2,17/10/2024,20:00,Maracanã,Rio de Janeiro,294,30,25.4,82,0.0,6.2
674,2024,Botafogo - RJ,Criciúma - SC,1 x 1,18/10/2024,20:00,Maracanã,Rio de Janeiro,295,30,25.4,82,0.0,6.2
675,2024,Corinthians - SP,Athletico Paranaense - PR,5 x 2,17/10/2024,20:00,Neo Química Arena,Sao Paulo,296,30,20.4,91,0.2,0.8
676,2024,São Paulo - SP,Vasco da Gama S.a.f. - RJ,3 x 0,16/10/2024,21:45,Brinco de Ouro,Campinas,297,30,20.2,92,0.3,2.3
677,2024,Fortaleza - CE,Atlético Mineiro Saf - MG,1 x 1,16/10/2024,21:45,Arena Castelão,Fortaleza,298,30,27.2,85,0.1,7.9
678,2024,Atlético Goianiense Saf - GO,Cuiabá Saf - MT,0 x 0,18/10/2024,19:00,Antônio Accioly,Goiania,299,30,23.0,87,0.0,0.7
679,2024,Juventude - RS,Palmeiras - SP,3 x 5,20/10/2024,20:00,Alfredo Jaconi,Caxias do Sul,300,30,16.2,89,0.0,1.8
680,2024,Grêmio - RS,Atlético Goianiense Saf - GO,3 x 1,26/10/2024,16:30,Arena do Grêmio,Porto Alegre,301,31,20.7,92,0.0,7.2
681,2024,Atlético Mineiro Saf - MG,Internacional - RS,1 x 3,26/10/2024,19:00,ARENA MRV,Belo Horizonte,302,31,21.8,79,0.0,3.3
682,2024,Vitória - BA,Fluminense - RJ,2 x 1,26/10/2024,16:30,Manoel Barradas,Salvador,303,31,26.0,85,0.0,2.9
683,2024,Flamengo - RJ,Juventude - RS,4 x 2,26/10/2024,16:30,Maracanã,Rio de Janeiro,304,31,25.4,82,0.0,6.2
684,2024,Vasco da Gama S.a.f. - RJ,Bahia - BA,3 x 2,28/10/2024,21:00,São Januário,Rio de Janeiro,305,31,25.4,82,0.0,6.2
685,2024,Palmeiras - SP,Fortaleza - CE,2 x 2,26/10/2024,16:30,Allianz Parque,Sao Paulo,306,31,20.4,91,0.2,0.8
686,2024,Red Bull Bragantino - SP,Botafogo - RJ,0 x 1,26/10/2024,19:00,Nabi Abi Chedid,Braganca Paulista,307,31,19.3,93,0.1,3.0
687,2024,Athletico Paranaense - PR,Cruzeiro Saf - MG,3 x 0,26/10/2024,18:30,Ligga Arena,Curitiba,308,31,16.9,98,0.3,3.6
688,2024,Cuiabá Saf - MT,Corinthians - SP,0 x 1,28/10/2024,19:00,Arena Pantanal,Cuiaba,309,31,24.1,94,0.0,1.3
689,2024,Criciúma - SC,São Paulo - SP,1 x 1,26/10/2024,21:00,Heriberto Hulse,Criciuma,310,31,19.7,98,0.0,2.3
690,2024,Internacional - RS,Criciúma - SC,2 x 0,05/11/2024,21:30,Beira-Rio,Porto Alegre,311,32,20.7,92,0.0,7.2
691,2024,Cruzeiro Saf - MG,Flamengo - RJ,0 x 1,06/11/2024,21:00,Independência,Belo Horizonte,312,32,21.8,79,0.0,3.3
692,2024,Bahia - BA,São Paulo - SP,0 x 3,05/11/2024,21:30,Arena Fonte Nova,Salvador,313,32,26.0,85,0.0,2.9
693,2024,Fluminense - RJ,Grêmio - RS,2 x 2,01/11/2024,21:00,Maracanã,Rio de Janeiro,314,32,25.4,82,0.0,6.2
694,2024,Botafogo - RJ,Vasco da Gama S.a.f. - RJ,3 x 0,05/11/2024,21:30,Nilton Santos,Rio de Janeiro,315,32,25.4,82,0.0,6.2
695,2024,Corinthians - SP,Palmeiras - SP,2 x 0,04/11/2024,20:00,Neo Química Arena,Sao Paulo,316,32,20.4,91,0.2,0.8
696,2024,Red Bull Bragantino - SP,Cuiabá Saf - MT,0 x 0,02/11/2024,16:00,Nabi Abi Chedid,Braganca Paulista,317,32,19.3,93,0.1,3.0
697,2024,Athletico Paranaense - PR,Vitória - BA,1 x 2,02/11/2024,18:30,Ligga Arena,Curitiba,318,32,16.9,98,0.3,3.6
698,2024,Atlético Goianiense Saf - GO,Atlético Mineiro Saf - MG,1 x 0,06/11/2024,21:00,Antônio Accioly,Goiania,319,32,23.0,87,0.0,0.7
699,2024,Juventude - RS,Fortaleza - CE,0 x 3,02/11/2024,18:30,Alfredo Jaconi,Caxias do Sul,320,32,16.2,89,0.0,1.8
700,2024,Internacional - RS,Fluminense - RJ,2 x 0,08/11/2024,19:00,Beira-Rio,Porto Alegre,321,33,20.7,92,0.0,7.2
701,2024,Cruzeiro Saf - MG,Criciúma - SC,2 x 1,09/11/2024,19:00,Mineirão,Belo Horizonte,322,33,21.8,79,0.0,3.3
702,2024,Vitória - BA,Corinthians - SP,1 x 2,09/11/2024,16:30,Manoel Barradas,Salvador,323,33,26.0,85,0.0,2.9
703,2024,Flamengo - RJ,Atlético Mineiro Saf - MG,0 x 0,13/11/2024,20:00,Maracanã,Rio de Janeiro,324,33,25.4,82,0.0,6.2
704,2024,Botafogo - RJ,Cuiabá Saf - MT,0 x 0,09/11/2024,16:30,Nilton Santos,Rio de Janeiro,325,33,25.4,82,0.0,6.2
705,2024,Palmeiras - SP,Grêmio - RS,1 x 0,08/11/2024,21:30,Allianz Parque,Sao Paulo,326,33,20.4,91,0.2,0.8
706,2024,São Paulo - SP,Athletico Paranaense - PR,2 x 1,09/11/2024,21:00,Morumbi,Sao Paulo,327,33,20.4,91,0.2,0.8
707,2024,Fortaleza - CE,Vasco da Gama S.a.f. - RJ,3 x 0,09/11/2024,19:00,Arena Castelão,Fortaleza,328,33,27.2,85,0.1,7.9
708,2024,Atlético Goianiense Saf - GO,Red Bull Bragantino - SP,0 x 0,09/11/2024,19:00,Antônio Accioly,Goiania,329,33,23.0,87,0.0,0.7
709,2024,Juventude - RS,Bahia - BA,2 x 1,09/11/2024,19:00,Alfredo Jaconi,Caxias do Sul,330,33,16.2,89,0.0,1.8
710,2024,Grêmio - RS,Juventude - RS,2 x 2,20/11/2024,19:00,Arena do Grêmio,Porto Alegre,331,34,20.7,92,0.0,7.2
711,2024,Atlético Mineiro Saf - MG,Botafogo - RJ,0 x 0,20/11/2024,21:30,Independência,Belo Horizonte,332,34,21.8,79,0.0,3.3
712,2024,Bahia - BA,Palmeiras - SP,1 x 2,20/11/2024,18:00,Arena Fonte Nova,Salvador,333,34,26.0,85,0.0,2.9
713,2024,Fluminense - RJ,Fortaleza - CE,2 x 2,22/11/2024,21:30,Maracanã,Rio de Janeiro,334,34,25.4,82,0.0,6.2
714,2024,Vasco da Gama S.a.f. - RJ,Internacional - RS,0 x 1,21/11/2024,20:00,São Januário,Rio de Janeiro,335,34,25.4,82,0.0,6.2
715,2024,Corinthians - SP,Cruzeiro Saf - MG,2 x 1,20/11/2024,11:00,Neo Química Arena,Sao Paulo,336,34,20.4,91,0.2,0.8
716,2024,Red Bull Bragantino - SP,São Paulo - SP,1 x 1,20/11/2024,16:30,Nabi Abi Chedid,Braganca Paulista,337,34,19.3,93,0.1,3.0
717,2024,Athletico Paranaense - PR,Atlético Goianiense Saf - GO,2 x 0,20/11/2024,16:30,Ligga Arena,Curitiba,338,34,16.9,98,0.3,3.6
718,2024,Cuiabá Saf - MT,Flamengo - RJ,1 x 2,20/11/2024,19:00,Arena Pantanal,Cuiaba,339,34,24.1,94,0.0,1.3
719,2024,Criciúma - SC,Vitória - BA,0 x 1,20/11/2024,16:30,Heriberto Hulse,Criciuma,340,34,19.7,98,0.0,2.3
720,2024,Internacional - RS,Red Bull Bragantino - SP,4 x 1,24/11/2024,16:00,Beira-Rio,Porto Alegre,341,35,20.7,92,0.0,7.2
721,2024,Cruzeiro Saf - MG,Grêmio - RS,1 x 1,27/11/2024,21:00,Mineirão,Belo Horizonte,342,35,21.8,79,0.0,3.3
722,2024,Bahia - BA,Athletico Paranaense - PR,1 x 1,24/11/2024,16:00,Arena Fonte Nova,Salvador,343,35,26.0,85,0.0,2.9
723,2024,Fluminense - RJ,Criciúma - SC,0 x 0,26/11/2024,19:00,Maracanã,Rio de Janeiro,344,35,25.4,82,0.0,6.2
724,2024,Botafogo - RJ,Vitória - BA,1 x 1,23/11/2024,19:30,Nilton Santos,Rio de Janeiro,345,35,25.4,82,0.0,6.2
725,2024,Corinthians - SP,Vasco da Gama S.a.f. - RJ,3 x 1,24/11/2024,16:00,Neo Química Arena,Sao Paulo,346,35,20.4,91,0.2,0.8
726,2024,São Paulo - SP,Atlético Mineiro Saf - MG,2 x 2,23/11/2024,21:30,Morumbi,Sao Paulo,347,35,20.4,91,0.2,0.8
727,2024,Fortaleza - CE,Flamengo - RJ,0 x 0,26/11/2024,20:00,Arena Castelão,Fortaleza,348,35,27.2,85,0.1,7.9
728,2024,Atlético Goianiense Saf - GO,Palmeiras - SP,0 x 1,23/11/2024,19:30,Antônio Accioly,Goiania,349,35,23.0,87,0.0,0.7
729,2024,Juventude - RS,Cuiabá Saf - MT,1 x 1,23/11/2024,19:30,Alfredo Jaconi,Caxias do Sul,350,35,16.2,89,0.0,1.8
730,2024,Grêmio - RS,São Paulo - SP,2 x 1,01/12/2024,16:00,Arena do Grêmio,Porto Alegre,351,36,20.7,92,0.0,7.2
731,2024,Atlético Mineiro Saf - MG,Juventude - RS,2 x 3,26/11/2024,21:30,Independência,Belo Horizonte,352,36,21.8,79,0.0,3.3
732,2024,Vitória - BA,Fortaleza - CE,2 x 0,01/12/2024,18:30,Manoel Barradas,Salvador,353,36,26.0,85,0.0,2.9
733,2024,Flamengo - RJ,Internacional - RS,3 x 2,01/12/2024,16:00,Maracanã,Rio de Janeiro,354,36,25.4,82,0.0,6.2
734,2024,Vasco da Gama S.a.f. - RJ,Atlético Goianiense Saf - GO,2 x 2,30/11/2024,21:30,São Januário,Rio de Janeiro,355,36,25.4,82,0.0,6.2
735,2024,Palmeiras - SP,Botafogo - RJ,1 x 3,26/11/2024,21:30,Allianz Parque,Sao Paulo,356,36,20.4,91,0.2,0.8
736,2024,Red Bull Bragantino - SP,Cruzeiro Saf - MG,1 x 1,01/12/2024,18:30,Nabi Abi Chedid,Braganca Paulista,357,36,19.3,93,0.1,3.0
737,2024,Athletico Paranaense - PR,Fluminense - RJ,1 x 1,01/12/2024,18:30,Ligga Arena,Curitiba,358,36,16.9,98,0.3,3.6
738,2024,Cuiabá Saf - MT,Bahia - BA,1 x 2,30/11/2024,19:30,Arena Pantanal,Cuiaba,359,36,24.1,94,0.0,1.3
739,2024,Criciúma - SC,Corinthians - SP,2 x 4,30/11/2024,19:30,Heriberto Hulse,Criciuma,360,36,19.7,98,0.0,2.3
740,2024,Internacional - RS,Botafogo - RJ,0 x 1,04/12/2024,21:30,Beira-Rio,Porto Alegre,361,37,20.7,92,0.0,7.2
741,2024,Cruzeiro Saf - MG,Palmeiras - SP,1 x 2,04/12/2024,21:30,Mineirão,Belo Horizonte,362,37,21.8,79,0.0,3.3
742,2024,Vitória - BA,Grêmio - RS,1 x 1,04/12/2024,20:00,Manoel Barradas,Salvador,363,37,26.0,85,0.0,2.9
743,2024,Fluminense - RJ,Cuiabá Saf - MT,1 x 0,05/12/2024,20:00,Maracanã,Rio de Janeiro,364,37,25.4,82,0.0,6.2
744,2024,Vasco da Gama S.a.f. - RJ,Atlético Mineiro Saf - MG,2 x 0,04/12/2024,19:00,São Januário,Rio de Janeiro,365,37,25.4,82,0.0,6.2
745,2024,Corinthians - SP,Bahia - BA,3 x 0,03/12/2024,20:00,Neo Química Arena,Sao Paulo,366,37,20.4,91,0.2,0.8
746,2024,São Paulo - SP,Juventude - RS,1 x 2,04/12/2024,20:00,Morumbi,Sao Paulo,367,37,20.4,91,0.2,0.8
747,2024,Athletico Paranaense - PR,Red Bull Bragantino - SP,1 x 2,05/12/2024,20:00,Ligga Arena,Curitiba,368,37,16.9,98,0.3,3.6
748,2024,Atlético Goianiense Saf - GO,Fortaleza - CE,3 x 1,04/12/2024,21:30,Antônio Accioly,Goiania,369,37,23.0,87,0.0,0.7
749,2024,Criciúma - SC,Flamengo - RJ,0 x 3,04/12/2024,20:00,Heriberto Hulse,Criciuma,370,37,19.7,98,0.0,2.3
750,2024,Grêmio - RS,Corinthians - SP,0 x 3,08/12/2024,16:00,Arena do Grêmio,Porto Alegre,371,38,20.7,92,0.0,7.2
751,2024,Atlético Mineiro Saf - MG,Athletico Paranaense - PR,1 x 0,08/12/2024,16:00,ARENA MRV,Belo Horizonte,372,38,21.8,79,0.0,3.3
752,2024,Bahia - BA,Atlético Goianiense Saf - GO,2 x 0,08/12/2024,16:00,Arena Fonte Nova,Salvador,373,38,26.0,85,0.0,2.9
753,2024,Flamengo - RJ,Vitória - BA,2 x 2,08/12/2024,16:00,Maracanã,Rio de Janeiro,374,38,25.4,82,0.0,6.2
754,2024,Botafogo - RJ,São Paulo - SP,2 x 1,08/12/2024,16:00,Nilton Santos,Rio de Janeiro,375,38,25.4,82,0.0,6.2
755,2024,Palmeiras - SP,Fluminense - RJ,0 x 1,08/12/2024,16:00,Allianz Parque,Sao Paulo,376,38,20.4,91,0.2,0.8
756,2024,Red Bull Bragantino - SP,Criciúma - SC,5 x 1,08/12/2024,16:00,Nabi Abi Chedid,Braganca Paulista,377,38,19.3,93,0.1,3.0
757,2024,Fortaleza - CE,Internacional - RS,3 x 0,08/12/2024,16:00,Arena Castelão,Fortaleza,378,38,27.2,85,0.1,7.9
758,2024,Cuiabá Saf - MT,Vasco da Gama S.a.f. - RJ,1 x 2,08/12/2024,16:00,Arena Pantanal,Cuiaba,379,38,24.1,94,0.0,1.3
759,2024,Juventude - RS,Cruzeiro Saf - MG,0 x 1,08/12/2024,16:00,Alfredo Jaconi,Caxias do Sul,380,38,16.2,89,0.0,1.8
